Episode,"Case 1: α=0.5, γ=0.2, ε=0.1","Case 2: α=0.1, γ=0.95, ε=0.2","Case 3: α=0.1, γ=0.8, ε=0.7"
1,4.0,-9.0,-10.5
2,-4.5,-3.5,-5.0
3,-20.5,22.0,-6.5
4,-3.0,-2.5,-12.5
5,-7.5,-7.5,-8.5
6,0.5,-6.5,-6.5
7,-18.0,15.5,-6.5
8,-3.5,24.5,-6.0
9,-12.0,-2.0,-13.5
10,13.0,-13.5,-5.5
11,1.0,-6.0,-8.0
12,19.0,21.0,-8.0
13,-9.0,-4.5,-7.0
14,-5.5,-13.0,-5.0
15,-1.0,22.0,-7.0
16,23.0,-5.5,-13.0
17,23.5,-14.0,-6.0
18,-7.0,-4.0,-9.5
19,-13.0,-9.0,-8.0
20,21.5,-1.0,-5.0
21,22.0,23.5,-8.5
22,-1.0,-6.5,-4.5
23,-6.0,21.0,-7.0
24,19.0,-0.5,-5.0
25,23.5,-6.5,-6.5
26,-1.5,23.0,-8.0
27,-6.0,23.0,-5.5
28,23.5,21.5,-8.5
29,19.0,-4.0,-9.0
30,23.5,-2.0,-7.5
31,-25.5,-3.0,-5.0
32,23.0,16.0,-6.5
33,23.5,20.5,-5.0
34,-4.0,-2.0,-20.0
35,19.5,-9.0,-3.5
36,23.5,-4.5,-10.5
37,17.5,-2.0,-7.0
38,23.5,-2.0,-6.5
39,-3.0,22.5,-9.0
40,23.5,-4.0,9.0
41,-1.5,22.5,-31.5
42,22.0,21.5,-7.0
43,-6.0,-2.5,-8.0
44,0.0,19.0,-5.0
45,1.5,23.5,-4.0
46,22.5,20.5,-5.5
47,-3.0,-7.5,-13.5
48,23.0,22.0,-7.5
49,0.5,23.5,-8.0
50,23.5,24.0,-14.5
51,22.5,-5.0,-19.0
52,-6.0,-6.0,-6.0
53,23.5,-5.0,-6.0
54,23.0,23.5,-7.0
55,-1.5,22.0,-9.5
56,-1.0,-5.0,-11.5
57,-12.5,-5.0,-11.0
58,23.5,1.0,-18.0
59,23.0,24.5,-7.0
60,23.5,-1.0,-0.5
61,-5.0,0.5,-7.0
62,23.0,-0.5,-13.0
63,23.5,22.0,-5.0
64,-3.0,22.0,-14.5
65,22.0,23.5,-3.5
66,23.5,-3.0,-13.0
67,-3.5,23.5,-3.5
68,-3.0,23.0,-2.0
69,23.5,23.5,-6.0
70,-14.5,24.5,-6.0
71,23.0,24.5,-5.5
72,20.5,23.0,-18.5
73,-5.0,-7.0,-10.0
74,-4.0,21.5,-8.0
75,-3.5,23.5,-20.0
76,23.5,22.5,-6.0
77,20.5,21.0,-6.5
78,22.0,-1.5,-7.5
79,17.0,-5.0,-6.5
80,23.5,-2.5,-5.5
81,20.0,1.5,-10.5
82,23.5,1.5,-7.0
83,23.0,17.0,-4.5
84,22.0,24.5,-3.5
85,20.5,24.5,-8.0
86,23.5,23.5,-5.0
87,-2.5,23.5,-4.5
88,-3.0,24.5,-8.0
89,0.0,-5.0,-2.5
90,1.0,-11.0,-15.5
91,23.5,-12.5,-16.0
92,-22.5,-6.0,-45.5
93,23.0,-1.0,-9.0
94,23.5,22.5,-5.5
95,-0.5,-10.0,-4.0
96,-1.5,-3.0,-8.0
97,22.0,21.0,-2.5
98,3.0,24.0,-4.5
99,22.5,21.5,-6.5
100,22.0,-6.0,-6.0
101,-5.5,23.0,-6.5
102,-1.0,-8.5,-5.5
103,1.5,-3.5,10.0
104,23.0,1.5,-17.0
105,23.5,0.5,-14.5
106,23.5,-9.0,-20.0
107,23.0,0.0,-6.0
108,23.0,24.5,-4.5
109,23.5,23.0,-7.0
110,23.5,-2.0,-8.0
111,-4.0,20.5,-9.0
112,23.5,24.5,-6.0
113,22.5,23.5,-10.0
114,21.5,23.0,-4.5
115,22.5,23.0,-7.5
116,23.0,8.0,-13.0
117,23.5,23.0,-4.0
118,23.5,-7.0,-8.5
119,-0.5,23.0,-5.5
120,23.0,-1.0,-4.5
121,-0.5,23.0,-8.0
122,19.5,-4.5,-13.5
123,23.5,20.5,-6.0
124,-0.5,-5.0,-8.0
125,21.5,24.5,-1.0
126,23.5,20.5,-2.0
127,23.0,2.5,-10.5
128,22.5,23.5,-2.0
129,-8.5,22.5,-7.5
130,23.5,24.5,-4.5
131,21.5,24.5,14.5
132,23.5,23.5,-13.0
133,22.5,19.5,-10.5
134,-15.5,22.5,-12.0
135,23.5,-7.0,-6.0
136,23.5,19.0,-21.0
137,22.5,23.5,-10.0
138,23.0,-5.0,14.5
139,23.5,-10.0,-10.5
140,21.5,-6.5,0.0
141,-17.0,24.5,-6.5
142,22.5,-2.5,-18.0
143,21.5,-7.5,-2.5
144,-7.0,23.0,-7.0
145,1.5,22.0,11.0
146,22.0,24.5,-5.5
147,23.0,-2.0,-14.0
148,-2.5,-6.5,-3.5
149,-3.0,-1.5,-10.0
150,21.0,2.0,-4.5
151,5.0,24.0,-6.0
152,19.0,21.0,-9.5
153,22.0,2.0,-7.0
154,15.0,-13.0,-7.5
155,23.5,24.5,-10.5
156,23.5,16.0,-8.5
157,23.0,24.5,-11.0
158,21.5,18.5,-9.0
159,-7.0,-4.5,-6.0
160,-8.0,24.0,-6.0
161,-7.5,1.5,-4.5
162,-7.0,-7.0,-9.5
163,-8.0,24.5,-6.0
164,23.5,-2.0,-20.5
165,-4.0,23.0,-22.5
166,23.5,-3.5,-4.0
167,23.5,22.5,8.0
168,16.5,24.5,-6.0
169,-3.0,-17.5,-4.5
170,-3.5,17.0,-3.0
171,23.0,-0.5,-0.5
172,23.5,23.5,-5.5
173,22.5,23.0,9.0
174,23.0,23.5,-5.5
175,23.5,23.5,-19.0
176,-7.0,-5.5,-6.5
177,-2.0,21.5,-4.5
178,23.5,24.5,-6.0
179,-7.0,22.5,-2.5
180,-5.0,-14.0,-9.5
181,1.5,24.5,18.0
182,23.5,23.0,-6.5
183,13.5,24.0,-1.5
184,22.5,24.0,-11.0
185,14.5,23.5,-16.0
186,23.5,23.5,-6.0
187,0.0,-2.5,-7.5
188,23.0,22.0,-6.0
189,18.5,24.0,-5.0
190,-25.5,-0.5,-11.5
191,23.0,24.0,-3.5
192,17.0,22.5,-5.5
193,22.5,22.5,-2.0
194,23.5,-4.5,-6.0
195,-1.5,22.5,-14.0
196,21.5,-5.5,-4.0
197,-8.0,20.5,-5.0
198,-7.5,24.0,-7.0
199,24.5,24.5,-6.5
200,23.5,18.0,-4.5
201,22.5,-16.5,-13.5
202,21.0,-4.5,-7.0
203,22.5,24.0,-17.0
204,0.0,24.0,-1.5
205,22.0,22.5,-7.5
206,23.5,-1.5,-4.0
207,-0.5,-1.5,-4.0
208,23.0,-11.5,-18.0
209,22.0,23.5,-9.5
210,23.0,23.5,-7.0
211,18.0,-8.0,-16.0
212,-3.0,22.5,-8.0
213,23.5,-5.0,20.0
214,-3.0,0.5,-6.5
215,19.5,23.5,-4.5
216,15.0,22.0,-11.5
217,24.5,23.5,-9.5
218,22.0,0.0,-5.0
219,21.5,23.0,-6.5
220,20.5,-1.0,-5.5
221,23.5,22.0,-3.0
222,-3.0,-2.0,-8.5
223,-7.0,-0.5,-4.5
224,23.5,23.5,-24.5
225,23.5,-6.0,-6.5
226,23.5,-4.0,-7.0
227,23.5,21.0,-4.0
228,23.0,22.0,-4.0
229,-2.5,-4.5,17.0
230,23.5,-1.5,15.0
231,-4.0,23.5,-6.0
232,23.0,24.5,-8.5
233,-6.0,-2.5,-3.0
234,1.5,23.5,-7.0
235,10.5,-5.5,-6.0
236,16.5,23.0,17.5
237,1.5,24.0,-2.0
238,0.0,22.5,15.5
239,2.5,22.5,-3.0
240,-1.0,20.5,-3.5
241,23.0,14.0,-6.0
242,22.0,-3.5,-3.5
243,22.0,23.5,-6.0
244,13.0,-3.0,-8.5
245,23.5,24.0,-7.5
246,-7.0,-4.5,-10.5
247,23.5,-14.0,-7.5
248,24.5,20.5,-10.0
249,23.0,-3.0,-6.0
250,0.0,24.5,-10.0
251,23.5,-3.0,-4.5
252,0.5,24.5,-5.5
253,25.0,23.5,-4.0
254,-7.5,21.5,-12.5
255,23.5,21.5,-2.5
256,15.5,24.5,-10.0
257,17.5,24.5,-6.0
258,24.5,24.5,-5.0
259,-4.5,22.5,-2.0
260,23.5,22.0,-10.5
261,24.5,24.5,-13.5
262,-1.0,-14.5,-7.0
263,19.0,24.5,-5.5
264,-11.0,23.0,-5.5
265,-7.0,2.0,-5.5
266,18.0,23.5,-7.0
267,-2.5,20.5,-7.5
268,-0.5,24.0,-4.5
269,19.0,-3.5,-2.5
270,23.0,23.0,-5.0
271,23.0,24.5,-6.0
272,22.5,24.5,-7.0
273,23.5,-8.5,-5.0
274,23.5,-1.0,-7.0
275,20.5,23.5,-5.5
276,-3.5,23.5,-5.0
277,23.0,-1.5,-5.0
278,23.5,1.0,-15.0
279,23.5,-4.0,-17.5
280,19.5,18.5,-3.0
281,23.5,22.5,-6.5
282,23.5,23.0,-6.5
283,22.5,24.5,-3.5
284,23.5,22.5,-3.5
285,24.0,23.5,-14.5
286,-16.0,22.0,-6.0
287,23.0,-3.0,-12.0
288,23.0,1.0,-7.0
289,24.0,-2.0,-14.0
290,23.5,-2.0,-15.5
291,23.0,22.0,-7.5
292,22.0,23.0,-4.0
293,22.5,3.0,-6.0
294,-5.5,-3.5,-7.5
295,25.0,24.0,-6.5
296,-6.5,23.0,-4.5
297,-4.0,23.5,15.5
298,22.5,23.5,-9.5
299,23.5,-4.0,-7.5
300,17.5,0.0,-2.0
301,3.0,23.5,-13.5
302,22.5,-2.0,-6.5
303,24.5,23.0,-8.5
304,23.5,2.5,-9.0
305,22.0,24.5,-3.0
306,23.5,22.5,-5.5
307,0.0,24.5,-9.5
308,23.5,23.5,-4.0
309,21.5,23.0,-8.0
310,22.0,24.0,-5.5
311,24.5,23.5,-6.5
312,-5.5,19.5,-5.5
313,22.5,24.0,-6.5
314,23.5,17.0,-7.0
315,20.0,23.5,-3.5
316,22.5,24.5,9.5
317,23.5,23.5,-9.0
318,23.5,20.0,-11.0
319,23.0,-6.0,-6.0
320,23.5,-1.5,-7.0
321,-3.0,-2.0,-4.0
322,22.5,23.5,-15.5
323,22.5,24.5,-14.0
324,22.0,-1.5,16.0
325,25.0,-3.0,-4.5
326,23.5,22.5,-5.5
327,23.5,22.5,-4.0
328,18.5,22.0,-10.5
329,23.5,24.0,-12.0
330,23.5,0.0,-9.5
331,18.5,0.5,-5.0
332,-3.0,24.0,-8.0
333,23.5,23.5,-5.5
334,-4.5,23.0,-2.5
335,-0.5,0.5,-6.0
336,-7.0,-3.0,-11.5
337,23.5,22.0,-2.0
338,23.0,22.5,11.0
339,-18.5,-0.5,-6.5
340,18.0,24.0,-15.5
341,23.5,22.5,-6.5
342,22.5,0.5,-4.0
343,-2.0,-4.0,-12.0
344,1.0,1.0,-6.5
345,0.5,23.0,-4.5
346,-1.0,23.5,-4.5
347,-0.5,-7.0,18.5
348,10.0,24.5,-8.0
349,24.0,23.5,-11.0
350,1.0,23.5,-8.0
351,24.5,23.5,-6.0
352,22.0,24.0,-6.0
353,18.5,-5.0,-4.5
354,23.5,17.0,-0.5
355,25.0,-5.0,-5.5
356,18.0,21.5,-4.5
357,1.5,24.5,-6.0
358,-1.0,23.5,-4.0
359,23.0,0.0,-11.5
360,21.0,22.5,-7.5
361,22.5,21.0,-6.0
362,21.0,19.0,-5.0
363,20.0,23.0,-5.5
364,21.0,24.0,-10.0
365,1.0,23.5,2.5
366,23.5,24.5,-3.5
367,23.0,22.0,-2.0
368,1.0,22.5,-15.5
369,25.0,-10.0,-5.0
370,-1.0,24.5,-8.0
371,18.0,0.0,-4.5
372,23.0,23.5,-2.0
373,22.0,-1.0,-2.5
374,24.5,24.0,-7.5
375,23.0,24.0,-17.5
376,20.0,17.5,-1.0
377,22.5,16.5,0.5
378,-2.5,21.0,-9.0
379,21.0,21.5,-1.0
380,22.0,22.0,-7.0
381,23.0,-1.0,-2.5
382,23.0,24.5,-4.0
383,24.0,20.5,-6.0
384,23.5,-1.5,-5.0
385,22.0,-2.0,-5.5
386,1.0,-2.5,17.5
387,-3.0,24.0,-15.0
388,0.0,24.5,-8.5
389,24.5,23.5,-4.5
390,22.5,-5.5,-4.0
391,1.0,23.0,-5.0
392,22.0,2.5,-8.0
393,22.5,23.5,-14.0
394,22.5,22.5,-7.0
395,22.0,24.0,-8.0
396,22.0,-9.5,-12.5
397,22.5,22.5,-4.5
398,0.5,23.5,-10.0
399,23.0,23.5,-4.5
400,21.0,22.5,-3.5
401,23.0,-5.0,-4.5
402,21.0,23.5,-4.0
403,-7.0,-4.5,-12.5
404,23.0,23.5,-8.0
405,22.5,17.0,-2.5
406,21.5,22.5,15.0
407,-7.0,24.0,-7.0
408,-1.5,22.0,-4.0
409,23.0,23.0,-3.5
410,23.0,-3.0,-14.0
411,22.5,21.0,-6.0
412,23.0,21.0,-4.5
413,23.0,24.5,-8.5
414,22.5,21.0,-5.0
415,-2.0,24.5,-6.0
416,22.0,23.5,-5.5
417,22.5,24.0,-7.0
418,-3.5,2.0,-7.0
419,23.0,21.5,-5.0
420,-2.5,24.0,-5.5
421,-1.5,-3.0,-3.0
422,25.0,18.0,-8.5
423,20.5,-10.5,-5.5
424,23.0,20.0,-9.5
425,22.5,23.5,-6.5
426,22.5,23.5,-4.5
427,-2.5,24.0,-7.5
428,22.5,-7.0,15.0
429,-8.0,23.0,-11.0
430,21.5,23.0,16.5
431,23.0,21.5,-7.5
432,23.0,0.5,-7.0
433,-3.5,19.5,-3.5
434,22.5,-4.0,8.0
435,22.5,2.5,-11.5
436,21.5,1.5,-12.5
437,1.5,19.0,-5.0
438,-6.5,-4.0,3.0
439,22.0,-1.5,-5.5
440,23.0,-3.0,-5.5
441,22.5,24.5,-4.0
442,22.0,-14.5,-6.0
443,23.5,-10.5,-5.0
444,23.0,-6.5,-4.0
445,23.5,21.0,-5.0
446,20.0,24.5,-6.0
447,-7.0,-0.5,-3.0
448,1.0,24.5,-6.0
449,23.0,22.5,-6.5
450,21.5,-2.5,21.0
451,1.5,-1.5,-1.0
452,22.0,-8.5,-16.0
453,23.0,23.5,-6.5
454,-6.5,-6.0,-8.0
455,23.0,22.5,-11.5
456,18.5,23.5,-11.5
457,23.0,20.0,-6.5
458,22.5,24.5,-2.5
459,22.5,20.0,-6.5
460,22.0,2.0,-24.0
461,23.0,23.5,-8.0
462,22.5,-5.0,-7.0
463,22.0,24.0,-2.0
464,21.5,20.5,-5.5
465,21.5,22.0,-5.5
466,20.5,23.5,-6.5
467,22.0,0.5,-3.5
468,23.0,-1.5,-4.5
469,25.0,-1.5,-4.0
470,-2.0,23.5,-9.0
471,20.0,23.5,-6.0
472,22.5,23.5,-10.0
473,24.5,-2.5,-3.5
474,22.5,19.0,-7.5
475,-9.0,23.5,-14.0
476,23.0,24.5,-6.0
477,-1.0,24.5,-6.0
478,23.5,-2.5,-7.0
479,21.0,24.5,-13.0
480,20.5,24.0,-6.0
481,22.0,21.5,-6.5
482,22.0,23.5,-5.5
483,22.5,23.5,17.0
484,-10.5,17.5,15.0
485,21.5,22.0,-4.5
486,23.0,14.0,-7.0
487,21.0,22.0,23.0
488,23.0,22.0,-4.0
489,22.0,1.5,-4.5
490,22.5,1.0,-7.5
491,22.0,21.5,-7.0
492,21.5,24.0,14.0
493,23.0,23.5,-3.0
494,-4.0,24.5,-4.5
495,23.5,23.0,-16.0
496,17.0,-1.0,-9.5
497,21.0,-1.5,-3.5
498,-0.5,23.5,-5.0
499,23.0,23.5,14.5
500,25.0,-10.0,-1.5
501,22.5,24.5,-8.0
502,-0.5,-9.5,-8.0
503,22.0,24.0,-1.5
504,22.0,23.0,-6.5
505,23.0,-1.5,9.0
506,-4.0,-5.5,-7.0
507,23.5,0.5,-13.5
508,22.0,24.5,-9.5
509,22.0,-5.5,-11.5
510,23.0,22.5,-6.0
511,22.5,24.5,-3.5
512,22.5,-15.0,-4.5
513,23.5,22.5,-6.0
514,22.0,19.5,-1.5
515,21.5,21.0,-9.0
516,22.0,24.0,-9.0
517,0.0,22.5,-7.0
518,22.5,-7.5,18.5
519,23.0,22.5,-8.0
520,22.0,10.5,-4.0
521,22.5,22.5,-6.5
522,23.0,-2.0,-8.0
523,23.0,22.5,-28.0
524,1.0,22.5,-14.5
525,-1.0,22.5,-9.5
526,22.5,24.5,-15.0
527,22.5,-5.0,-7.0
528,23.0,-15.5,-6.5
529,21.5,22.0,-9.0
530,23.0,23.0,-1.5
531,23.0,-1.0,-5.0
532,22.5,-3.0,-4.5
533,24.5,23.0,-7.5
534,21.5,-1.0,-7.0
535,21.5,22.0,-7.0
536,23.0,24.5,-5.5
537,-6.5,24.0,-2.0
538,20.5,-6.0,-7.5
539,23.0,24.5,-7.5
540,23.0,17.0,-9.5
541,22.5,23.0,-7.5
542,24.0,22.5,-8.5
543,21.5,-8.5,-5.0
544,23.5,24.5,-3.5
545,23.5,24.5,-13.5
546,21.0,24.0,-11.0
547,23.0,23.0,6.5
548,23.0,24.0,6.5
549,23.0,-0.5,-4.0
550,23.0,23.5,-3.5
551,-4.0,24.5,-3.0
552,23.0,24.0,10.0
553,23.0,24.5,-6.0
554,24.5,22.0,-7.0
555,23.5,23.0,-14.5
556,3.0,24.5,-12.0
557,22.0,-4.5,-7.5
558,23.5,-2.5,-3.0
559,21.5,-7.0,-4.5
560,-8.5,20.0,20.0
561,23.0,-3.0,-6.5
562,23.0,23.5,-6.0
563,23.0,21.5,-30.5
564,22.5,20.5,-11.0
565,22.5,23.5,0.0
566,20.0,21.5,-5.5
567,23.5,24.5,-5.0
568,24.5,0.0,-5.5
569,22.5,20.0,-5.5
570,21.5,22.5,-8.5
571,21.0,-2.0,-6.5
572,22.0,23.0,-8.0
573,23.0,22.5,-8.5
574,-6.0,24.0,-8.0
575,23.0,13.0,-3.5
576,1.5,-1.5,13.5
577,22.5,21.0,13.5
578,21.0,21.0,-3.5
579,23.5,23.0,-19.0
580,21.0,-8.5,16.0
581,23.0,23.5,21.0
582,23.5,24.0,-5.5
583,22.5,23.5,-7.5
584,2.0,2.0,-3.0
585,24.5,24.0,-2.5
586,23.5,-2.5,-9.5
587,22.0,21.0,-10.0
588,22.0,21.5,-18.0
589,23.0,22.0,-6.0
590,22.5,24.0,-4.0
591,22.5,-3.5,-7.5
592,22.5,20.5,-5.0
593,-7.0,-5.5,-4.0
594,22.0,22.0,-5.0
595,19.0,22.0,-6.0
596,21.5,-4.0,-4.0
597,23.5,24.0,-7.5
598,24.0,22.5,-4.5
599,24.0,-3.5,-7.0
600,22.0,22.5,-9.5
601,24.5,23.5,-10.0
602,-2.5,3.5,-5.5
603,2.0,17.5,-5.5
604,22.5,24.0,-12.5
605,23.5,23.0,-5.0
606,23.0,22.0,-8.5
607,16.0,23.0,-3.0
608,24.0,2.5,-5.0
609,22.5,1.0,-6.5
610,22.5,22.0,-5.0
611,22.5,23.5,-2.0
612,21.5,-2.0,-6.5
613,23.0,23.5,-11.5
614,2.5,16.0,-5.0
615,21.5,0.0,-14.0
616,21.0,20.0,-4.5
617,23.0,23.0,-4.5
618,23.5,24.0,15.0
619,25.0,24.0,-5.5
620,23.0,-6.5,-5.0
621,22.5,-1.5,-6.0
622,23.5,21.5,-6.0
623,23.0,-2.0,-6.0
624,21.5,22.0,16.5
625,12.0,22.5,-4.5
626,22.0,23.5,-8.5
627,15.0,23.0,22.0
628,24.0,23.5,-11.5
629,10.5,23.5,-7.5
630,24.0,-1.0,-2.5
631,22.5,23.5,-7.0
632,22.5,-4.0,-5.5
633,21.5,22.0,20.5
634,1.5,20.5,9.0
635,-0.5,21.5,-3.0
636,22.0,24.0,-20.0
637,23.0,2.5,-5.0
638,23.0,24.5,-1.5
639,23.0,-5.0,-4.5
640,22.0,24.5,-4.5
641,24.5,24.5,-6.5
642,23.0,22.5,-5.5
643,22.5,23.5,-13.5
644,-7.0,23.5,-2.5
645,-4.5,-8.5,17.5
646,22.5,24.5,-1.0
647,22.5,21.0,-7.0
648,-2.5,23.0,-9.0
649,23.0,23.0,2.0
650,23.0,23.5,-21.5
651,23.0,23.5,-6.0
652,23.5,-1.0,0.5
653,22.0,21.0,-6.0
654,22.5,22.5,-9.0
655,22.5,20.5,-4.5
656,22.5,-2.5,-13.0
657,22.5,22.5,-23.5
658,23.0,24.0,-16.5
659,22.0,23.0,-2.5
660,23.5,22.0,-4.5
661,23.0,24.0,-7.0
662,22.5,24.5,-3.5
663,19.5,24.5,18.0
664,21.0,-3.0,-8.0
665,22.0,24.5,-4.0
666,23.0,-2.0,-7.0
667,23.0,22.5,15.5
668,22.0,-1.5,-6.5
669,-7.0,22.5,-7.0
670,23.0,21.0,-5.5
671,21.5,23.5,7.0
672,23.0,20.5,-6.0
673,23.0,22.0,-4.5
674,23.0,23.5,-15.0
675,25.0,23.5,-2.5
676,23.0,24.5,-8.0
677,19.0,1.0,-7.0
678,23.0,22.5,-16.5
679,-1.0,24.5,5.0
680,18.0,23.5,-4.0
681,25.0,22.5,-8.0
682,23.0,-2.0,-6.5
683,22.5,21.0,19.5
684,23.0,23.5,-8.0
685,23.0,-1.5,-6.0
686,25.0,22.0,14.5
687,23.0,-2.5,-17.0
688,19.5,23.5,-6.0
689,23.5,24.5,-4.5
690,-5.0,-6.0,-6.0
691,21.5,24.5,-6.0
692,-8.0,0.0,-2.0
693,23.0,-3.5,8.0
694,22.5,23.5,-6.0
695,23.0,23.5,-9.0
696,23.5,23.0,-13.0
697,23.5,23.5,-6.0
698,22.5,-5.5,-1.5
699,23.0,20.0,-6.0
700,1.0,24.5,-7.5
701,22.5,21.5,-8.5
702,23.0,23.0,-5.0
703,22.5,0.0,-4.0
704,20.5,24.0,-7.0
705,23.5,18.0,-3.5
706,23.0,2.5,-8.0
707,22.5,23.0,-2.0
708,-7.0,0.5,-5.0
709,24.0,24.5,-7.5
710,22.5,24.5,-1.0
711,-3.0,23.0,-13.0
712,23.0,2.5,-7.5
713,22.5,20.0,-15.0
714,1.0,-1.0,11.5
715,23.0,24.0,-5.5
716,22.5,23.5,-9.5
717,23.0,19.5,-15.5
718,22.5,23.5,-5.0
719,-2.5,-2.0,-6.5
720,24.0,23.0,-8.0
721,-6.5,24.0,-8.0
722,22.5,-2.0,-5.0
723,-7.0,-1.0,-16.5
724,22.5,19.0,-5.0
725,20.0,23.5,-13.0
726,24.5,24.5,-9.0
727,23.0,-2.5,6.5
728,22.5,17.0,-5.0
729,23.0,22.5,-15.5
730,-9.5,24.0,-3.0
731,21.0,23.0,-6.5
732,-0.5,22.0,-2.5
733,-7.0,21.5,-1.5
734,23.0,24.5,-5.0
735,23.0,24.5,-6.0
736,-2.0,23.0,-6.5
737,22.5,-0.5,20.0
738,21.5,22.5,-5.5
739,23.5,-5.0,-5.0
740,-1.5,20.0,-13.5
741,22.5,2.5,-4.0
742,22.0,19.5,-9.5
743,22.5,24.0,-6.5
744,22.5,24.0,-5.0
745,22.0,23.5,-5.0
746,23.0,23.5,-8.0
747,22.5,21.5,-4.0
748,22.5,-4.5,-5.5
749,23.0,22.5,19.0
750,22.0,23.5,-10.0
751,24.0,23.5,-8.0
752,22.5,21.0,-10.5
753,23.5,-3.5,-3.5
754,22.0,23.0,-2.5
755,23.0,20.0,-5.5
756,23.0,23.0,-3.0
757,20.5,-2.5,-30.5
758,21.5,20.0,-7.5
759,23.0,-2.5,-4.5
760,23.0,23.5,-2.0
761,23.5,23.0,-3.0
762,21.0,16.0,-8.0
763,22.0,22.0,-4.0
764,1.0,-4.5,-12.5
765,23.0,-2.5,-9.5
766,23.0,-2.0,-5.0
767,22.5,24.5,-1.0
768,22.5,24.5,-4.0
769,22.0,-3.5,-2.5
770,23.0,21.5,19.0
771,18.0,22.5,-11.0
772,21.0,21.5,-5.0
773,22.5,18.5,-7.5
774,23.0,-2.0,-11.0
775,23.0,22.5,-6.5
776,22.0,23.5,-11.5
777,23.0,22.5,-5.0
778,22.5,21.5,-4.0
779,19.0,-6.0,15.0
780,23.0,-4.0,-7.0
781,18.5,22.0,-8.5
782,24.5,0.5,-6.0
783,22.5,23.5,-7.0
784,22.0,24.5,-4.5
785,23.0,24.0,-4.5
786,16.0,-5.5,-5.5
787,19.5,9.5,-5.0
788,21.5,18.0,-7.0
789,0.0,-3.0,-3.5
790,21.0,21.0,-7.5
791,22.5,24.5,-23.0
792,23.0,24.5,-7.0
793,22.5,18.0,-4.0
794,-2.0,23.5,-19.5
795,23.5,24.5,-35.0
796,24.5,23.5,-3.0
797,22.5,24.5,17.5
798,-4.5,24.0,-6.5
799,-1.5,20.0,13.0
800,-7.0,22.5,-5.5
801,22.5,22.5,-6.0
802,22.5,20.5,-4.0
803,-2.5,0.0,-7.0
804,-9.5,24.0,-5.5
805,23.0,-3.0,-9.0
806,22.0,2.5,-4.5
807,-6.5,0.5,22.5
808,21.5,23.5,-6.0
809,24.5,2.5,18.0
810,18.5,1.5,-5.5
811,23.5,22.5,-0.5
812,24.0,22.5,-4.5
813,22.5,23.5,-7.5
814,22.5,22.5,-20.5
815,23.5,24.0,-9.0
816,-1.0,24.5,-14.0
817,23.0,-2.0,-7.5
818,22.5,23.0,-6.5
819,23.0,22.5,-5.5
820,24.5,12.0,-6.5
821,22.5,-6.5,-6.0
822,23.5,23.0,-13.5
823,24.5,21.5,-2.0
824,22.0,22.0,-14.0
825,21.5,24.0,-6.0
826,23.0,24.5,-4.0
827,22.5,24.5,-4.5
828,19.5,23.5,-8.0
829,19.0,21.0,-5.5
830,25.0,23.5,-3.5
831,21.5,24.5,-4.0
832,22.0,24.0,-5.0
833,23.0,-5.0,10.5
834,23.0,-2.0,-11.5
835,22.5,14.0,-7.0
836,11.5,21.5,-7.5
837,24.5,21.0,-10.5
838,22.0,23.5,-9.0
839,23.0,20.5,-7.0
840,22.5,24.0,-7.5
841,23.0,-2.5,-6.0
842,22.0,0.0,-5.5
843,-7.0,-2.5,-9.5
844,22.0,22.5,-13.5
845,22.5,23.0,10.5
846,24.5,1.5,-0.5
847,22.0,21.5,18.0
848,18.0,21.0,-6.0
849,21.5,22.5,-3.0
850,24.0,20.5,18.5
851,22.0,22.5,-12.0
852,25.0,24.5,-4.5
853,-7.0,-0.5,-7.5
854,22.5,22.5,-9.5
855,23.0,24.0,-6.0
856,22.5,23.0,-9.5
857,23.5,22.0,-6.0
858,22.5,-1.5,-2.5
859,22.5,22.5,-8.0
860,23.0,23.5,-7.0
861,19.5,24.5,-5.0
862,21.5,-0.5,-6.0
863,17.0,22.5,-7.0
864,23.0,23.0,-4.5
865,22.0,20.0,-7.0
866,25.0,-4.0,-4.5
867,20.5,23.5,-4.0
868,22.5,-4.5,-5.0
869,22.5,24.5,-10.5
870,23.0,19.5,-5.5
871,22.5,23.0,-17.0
872,23.0,19.5,-6.0
873,24.0,22.0,-11.0
874,22.5,-3.0,-6.0
875,22.0,-0.5,-4.0
876,21.5,23.5,-2.0
877,-1.0,24.5,-3.0
878,23.0,0.5,-6.0
879,22.5,0.0,17.5
880,24.0,22.0,-9.0
881,23.0,22.5,-5.0
882,23.0,24.0,-7.0
883,22.0,22.0,-3.0
884,22.0,-7.5,-8.5
885,22.5,-5.0,-0.5
886,23.0,13.5,-7.0
887,22.0,-1.5,-5.5
888,22.5,-5.0,-7.5
889,23.0,22.0,18.0
890,23.0,22.5,-6.0
891,22.5,18.5,-3.0
892,22.5,23.5,-3.5
893,20.0,24.0,-3.5
894,20.5,19.5,-6.5
895,22.5,22.0,-6.5
896,22.5,-3.0,-5.0
897,22.0,-1.0,8.0
898,23.5,22.0,-5.5
899,22.5,22.0,-10.0
900,23.0,24.0,-4.5
901,-0.5,22.5,-13.0
902,23.0,23.0,-5.5
903,22.5,24.5,-5.0
904,21.0,-5.5,-5.0
905,23.0,23.5,9.5
906,23.0,-1.5,20.5
907,10.0,24.5,-7.0
908,24.5,24.0,-7.5
909,-4.5,-4.5,-7.0
910,23.0,0.0,-10.0
911,20.0,-1.0,17.0
912,23.0,23.5,-3.0
913,22.0,24.5,-6.5
914,22.5,24.5,-3.5
915,22.5,24.5,-5.0
916,-4.0,24.0,17.5
917,-2.5,-6.0,-8.0
918,-7.0,-3.0,4.5
919,22.5,23.5,-15.0
920,-7.0,-4.5,-3.5
921,21.5,24.5,-13.0
922,-2.5,21.0,11.5
923,23.5,-1.5,-6.0
924,22.5,20.5,-3.0
925,14.0,-5.0,-5.5
926,13.0,23.5,-6.5
927,22.0,1.5,-7.0
928,23.0,22.0,-7.0
929,21.0,23.0,-9.5
930,22.5,-6.0,-8.0
931,23.5,21.0,-3.5
932,22.5,-1.5,-6.0
933,-7.0,22.0,13.0
934,-1.5,24.0,-4.5
935,23.0,1.0,-8.0
936,22.5,22.5,-2.5
937,20.0,24.0,17.5
938,21.0,24.0,-4.5
939,1.0,22.5,-7.5
940,23.5,22.0,-6.0
941,23.5,-2.5,-5.0
942,18.5,22.0,-5.5
943,1.0,17.5,-4.0
944,24.0,19.0,20.0
945,-7.0,24.0,-17.0
946,-3.0,19.0,-5.0
947,24.0,21.5,14.0
948,23.0,22.0,17.0
949,22.5,23.0,-2.5
950,23.0,23.5,-7.0
951,-3.0,-1.5,17.0
952,23.5,22.5,-1.0
953,-4.0,24.0,-6.5
954,22.0,24.5,-9.5
955,23.5,-18.5,-11.5
956,22.5,20.5,-11.5
957,22.5,-3.0,14.5
958,24.0,23.5,-7.5
959,22.5,20.0,-6.0
960,23.5,-2.0,10.5
961,23.0,24.5,-15.0
962,23.0,-6.0,-17.5
963,24.5,24.5,-4.0
964,1.0,-3.5,-6.5
965,16.5,21.5,8.5
966,24.0,-2.0,-7.5
967,21.5,20.5,20.0
968,-6.0,14.5,-6.0
969,22.5,23.5,-5.5
970,23.0,23.0,-2.0
971,22.5,21.5,-5.0
972,22.0,18.5,21.5
973,23.0,20.5,-7.5
974,23.0,19.0,-10.5
975,22.0,23.5,-3.5
976,22.0,20.5,-7.0
977,-7.0,24.0,-6.5
978,22.5,24.5,-7.0
979,23.0,22.0,-6.5
980,21.5,22.5,-6.5
981,21.0,24.0,-6.5
982,20.0,22.0,-10.5
983,23.0,23.5,17.5
984,22.0,-3.0,-2.0
985,22.0,21.5,-5.0
986,23.0,23.0,-3.5
987,23.0,24.5,-2.5
988,-6.5,20.0,-5.5
989,23.0,22.0,-11.5
990,22.0,24.5,-15.0
991,1.0,22.0,-4.0
992,3.0,23.0,-10.5
993,23.0,20.5,-15.0
994,21.5,24.0,-4.0
995,22.5,-2.0,-8.0
996,23.0,22.0,-7.5
997,23.0,21.0,-6.0
998,21.0,-3.0,-5.5
999,-2.5,24.5,-2.5
1000,20.5,23.0,-7.5
1001,18.0,20.5,-5.5
1002,-3.0,24.5,-5.0
1003,22.5,24.5,-5.0
1004,22.0,24.0,-8.0
1005,22.5,22.5,-12.5
1006,23.0,16.0,-4.5
1007,-7.5,0.5,-6.0
1008,22.5,22.5,-6.5
1009,23.0,21.5,-7.5
1010,23.0,24.0,-1.0
1011,22.5,-5.5,-5.0
1012,20.5,24.0,-1.0
1013,23.0,-2.5,-7.0
1014,22.0,24.0,-7.0
1015,25.0,23.5,-5.5
1016,23.0,24.5,-5.5
1017,-4.0,-7.0,-2.5
1018,21.5,22.5,-7.0
1019,20.5,22.5,-8.5
1020,24.0,22.5,-9.5
1021,23.0,24.5,11.0
1022,17.0,24.5,18.0
1023,23.5,23.0,-3.0
1024,-1.5,22.5,8.0
1025,22.5,23.0,-16.0
1026,22.0,21.5,13.0
1027,21.5,18.0,-11.0
1028,22.5,-4.5,-8.5
1029,20.5,21.5,-4.0
1030,23.0,24.5,1.5
1031,23.0,24.5,-5.5
1032,22.5,21.5,-4.5
1033,24.0,24.5,-12.0
1034,19.5,24.0,-6.0
1035,-4.5,-6.5,-2.0
1036,24.5,21.5,0.0
1037,23.5,24.0,16.5
1038,0.0,24.5,-9.5
1039,24.5,17.0,-5.5
1040,23.5,23.5,0.0
1041,21.0,18.5,-4.5
1042,23.5,22.0,-11.5
1043,24.0,21.5,-8.5
1044,24.5,-2.0,-16.0
1045,24.0,22.0,-4.5
1046,23.5,21.5,19.5
1047,24.0,21.5,-4.5
1048,24.5,23.5,-0.5
1049,23.0,23.0,-12.0
1050,24.0,23.5,-1.0
1051,22.5,22.5,-7.5
1052,24.0,-1.5,-4.0
1053,-4.0,23.0,-6.0
1054,23.5,2.0,21.0
1055,23.0,21.5,-5.5
1056,-1.0,23.5,-5.5
1057,23.0,23.5,-6.5
1058,23.5,0.0,-12.0
1059,24.5,24.5,19.0
1060,24.5,22.0,-1.5
1061,24.5,23.5,19.5
1062,24.5,21.0,-4.5
1063,-2.5,23.5,-11.5
1064,-4.0,22.0,-5.5
1065,24.5,24.0,-6.0
1066,24.0,24.5,22.0
1067,-2.0,-0.5,-1.0
1068,19.5,22.0,-4.0
1069,24.0,-0.5,-8.5
1070,23.5,-0.5,-6.0
1071,24.5,24.0,-6.0
1072,24.5,24.0,17.0
1073,17.0,24.0,-11.0
1074,24.0,22.5,-7.0
1075,23.0,23.5,-5.0
1076,24.0,-2.5,-5.5
1077,13.0,21.0,-12.0
1078,23.5,23.0,-10.0
1079,-6.0,24.0,7.0
1080,24.5,0.5,-6.0
1081,-1.0,-5.5,-3.5
1082,23.5,-1.5,-6.5
1083,24.0,24.0,-19.0
1084,-1.5,24.5,12.0
1085,24.5,24.0,-3.0
1086,24.5,1.0,-4.0
1087,-3.5,21.5,17.0
1088,-9.5,24.0,-4.0
1089,23.5,23.0,15.0
1090,-4.0,22.5,19.5
1091,23.5,-2.0,-4.0
1092,1.5,-0.5,-4.5
1093,24.5,-4.5,-4.5
1094,24.5,21.5,-11.0
1095,24.5,-2.0,-6.0
1096,24.5,21.5,-8.0
1097,22.5,20.5,-12.0
1098,24.5,-7.0,12.0
1099,24.5,22.5,-14.0
1100,23.5,23.5,-15.0
1101,24.5,23.0,-6.5
1102,1.0,21.5,-6.5
1103,23.5,23.5,-20.5
1104,22.0,23.5,17.5
1105,19.0,19.5,-4.5
1106,24.5,0.0,-5.0
1107,24.5,20.5,-12.5
1108,23.5,1.5,-10.0
1109,24.0,24.0,-9.0
1110,-6.0,23.0,-5.5
1111,24.5,-4.5,13.5
1112,24.0,-5.0,-8.0
1113,24.5,23.0,17.5
1114,-2.0,23.5,-5.5
1115,24.5,24.5,-6.0
1116,21.0,23.5,-11.5
1117,23.5,22.0,18.5
1118,-1.0,23.5,-3.5
1119,24.0,17.0,-7.0
1120,23.5,-8.0,-5.5
1121,23.5,0.0,-10.5
1122,24.5,24.5,-7.5
1123,24.0,23.0,-5.5
1124,24.5,24.0,-3.5
1125,24.5,21.5,-3.5
1126,24.5,23.5,-16.5
1127,22.0,-3.5,-3.0
1128,2.5,20.0,-13.5
1129,22.0,23.5,-7.5
1130,24.5,-6.0,-4.5
1131,22.0,20.0,-4.0
1132,-4.0,21.5,-7.0
1133,24.0,-9.5,-3.0
1134,13.5,-6.0,-3.0
1135,24.5,23.0,-4.5
1136,22.5,0.5,-4.5
1137,-4.5,21.5,-6.0
1138,-4.0,-0.5,-7.5
1139,-1.5,23.5,-12.0
1140,24.0,0.5,-7.0
1141,-6.5,2.5,-5.5
1142,-9.0,1.0,-6.5
1143,24.0,23.5,-8.5
1144,19.0,24.5,-12.0
1145,-2.0,22.0,-8.0
1146,-2.0,22.5,-3.0
1147,24.5,22.0,2.5
1148,24.0,-1.5,-8.5
1149,-5.5,23.0,-4.5
1150,23.0,21.5,-10.0
1151,22.5,21.5,-5.0
1152,23.5,24.5,-2.0
1153,24.5,23.5,-5.5
1154,24.0,-4.0,0.0
1155,24.0,1.0,-2.5
1156,24.5,24.0,19.5
1157,-4.0,24.0,-2.0
1158,19.5,24.0,-6.0
1159,24.0,24.5,-7.0
1160,22.5,21.0,-4.5
1161,22.5,24.5,-6.5
1162,23.0,23.0,-9.5
1163,24.0,17.0,-14.0
1164,0.0,23.5,-5.5
1165,24.5,24.0,-7.5
1166,24.5,24.0,8.5
1167,23.5,1.5,-3.5
1168,24.5,-4.0,-5.5
1169,24.0,20.0,-6.0
1170,-7.5,24.0,-7.0
1171,24.0,-5.0,-5.5
1172,24.5,1.5,-5.5
1173,24.5,22.5,-9.5
1174,23.0,24.0,-5.5
1175,-1.5,21.5,-5.0
1176,25.0,22.5,-6.0
1177,23.5,23.5,-9.5
1178,19.5,1.0,-2.5
1179,24.5,22.5,18.0
1180,24.5,24.0,-7.0
1181,24.5,-5.0,18.0
1182,24.5,24.0,-8.5
1183,-4.5,24.0,-3.5
1184,1.5,23.5,-22.5
1185,24.0,24.5,-9.5
1186,23.0,24.0,-5.0
1187,23.0,23.0,-5.0
1188,24.5,24.0,12.5
1189,23.5,1.5,-6.0
1190,24.0,23.0,-7.0
1191,24.5,-5.5,-3.5
1192,-2.0,23.0,-5.0
1193,22.0,21.5,-6.5
1194,23.5,22.5,-2.0
1195,24.0,23.0,-12.5
1196,20.0,0.5,-6.5
1197,24.0,-3.5,-4.0
1198,18.0,23.0,-5.0
1199,24.5,22.5,-12.0
1200,23.5,2.0,-11.5
1201,0.0,24.5,-6.5
1202,23.5,16.5,0.5
1203,-2.0,24.5,12.0
1204,24.5,24.0,12.5
1205,24.5,17.0,-7.5
1206,24.5,23.5,-6.0
1207,-1.0,24.0,-4.0
1208,22.5,22.0,-8.0
1209,21.5,-8.0,-6.5
1210,24.5,22.5,-5.0
1211,24.5,19.5,-4.0
1212,24.0,0.5,-2.0
1213,24.5,24.5,-10.0
1214,23.5,23.5,20.0
1215,25.0,-2.5,-7.0
1216,-7.0,23.5,-6.5
1217,24.5,-2.0,-8.5
1218,23.5,23.5,-7.5
1219,24.0,-2.0,-3.0
1220,23.5,1.0,-1.0
1221,24.0,22.5,-26.5
1222,24.5,22.0,-7.0
1223,24.5,2.5,22.5
1224,-2.5,20.5,-1.0
1225,24.5,-5.0,-7.0
1226,24.0,24.0,-12.0
1227,23.5,23.5,-2.5
1228,22.5,22.5,-7.0
1229,23.0,23.5,22.5
1230,16.0,-5.0,-6.5
1231,-4.0,22.5,-11.0
1232,24.5,22.0,-11.5
1233,1.0,17.5,-5.5
1234,-6.5,24.5,17.5
1235,23.0,23.5,-8.0
1236,22.5,23.5,-3.5
1237,24.0,16.5,-5.0
1238,24.0,21.5,-5.0
1239,24.5,22.5,-1.0
1240,22.5,23.0,-8.0
1241,24.5,24.5,-1.0
1242,24.5,-3.0,13.5
1243,23.0,-5.0,-8.0
1244,23.0,24.0,-1.0
1245,24.0,22.5,-5.0
1246,24.0,-2.0,11.5
1247,24.5,22.5,-9.0
1248,23.5,22.5,-10.5
1249,24.0,23.5,-6.0
1250,23.0,18.5,8.5
1251,24.5,24.5,-6.5
1252,24.0,24.0,-9.0
1253,24.5,23.0,16.5
1254,24.5,-2.0,-4.5
1255,24.0,22.0,-5.5
1256,-3.5,-2.5,-12.5
1257,22.0,23.0,-7.0
1258,24.5,21.0,21.5
1259,24.0,21.5,-9.5
1260,23.0,-3.5,1.5
1261,22.0,23.0,3.0
1262,24.5,24.5,-5.5
1263,24.5,20.5,-6.0
1264,24.5,21.5,19.0
1265,24.5,23.5,-5.5
1266,23.0,23.0,17.5
1267,24.5,-2.5,15.5
1268,14.0,-1.5,-6.5
1269,24.5,-2.5,-3.0
1270,21.0,23.0,-6.5
1271,-1.5,1.0,-5.5
1272,24.0,23.0,0.0
1273,24.0,23.5,-6.5
1274,23.5,23.5,-5.5
1275,23.0,1.0,-7.5
1276,21.0,22.0,16.0
1277,23.5,-8.5,-8.5
1278,23.5,23.5,-11.5
1279,24.0,23.5,-7.0
1280,21.5,24.0,-4.0
1281,24.5,-3.0,-4.0
1282,24.5,21.5,-7.0
1283,21.5,19.0,-2.5
1284,23.5,23.5,-11.0
1285,-7.0,24.0,-6.5
1286,24.0,24.0,-7.5
1287,-0.5,21.0,8.5
1288,24.5,-3.5,16.5
1289,24.5,-3.5,14.5
1290,23.5,24.5,16.5
1291,24.5,24.0,-10.0
1292,18.0,22.0,-3.5
1293,24.5,22.5,-4.5
1294,24.5,22.0,-6.5
1295,21.5,22.5,-10.5
1296,22.5,24.0,-6.5
1297,23.5,21.5,-3.5
1298,24.5,24.0,18.5
1299,24.5,23.0,-5.5
1300,24.5,19.5,-6.0
1301,24.5,-1.0,20.5
1302,23.5,24.5,11.5
1303,23.5,-6.0,-5.5
1304,24.0,24.5,-6.5
1305,24.5,0.0,-4.0
1306,24.5,23.5,-9.5
1307,24.5,20.5,-6.0
1308,22.5,-5.0,-1.0
1309,24.5,23.5,14.0
1310,25.0,24.5,-5.5
1311,24.5,23.0,13.5
1312,24.0,0.0,-5.5
1313,24.0,-2.0,12.5
1314,24.5,16.0,-2.5
1315,24.5,-1.0,-1.5
1316,24.5,23.5,-7.5
1317,24.0,22.5,-5.5
1318,-4.0,-3.0,12.5
1319,23.5,22.5,-2.0
1320,24.5,22.0,-7.5
1321,24.5,23.5,-10.0
1322,24.5,0.5,-5.0
1323,-4.0,23.0,-7.5
1324,-2.0,23.5,14.5
1325,24.5,2.5,-9.0
1326,24.5,21.5,-10.0
1327,24.5,0.0,-2.0
1328,25.0,-2.5,-12.0
1329,23.5,24.0,17.0
1330,24.0,-0.5,-6.0
1331,23.0,-1.0,18.0
1332,23.0,22.5,-7.5
1333,24.5,23.5,17.5
1334,22.0,22.5,-2.5
1335,24.0,-6.0,-4.5
1336,22.5,23.0,-5.0
1337,24.0,22.0,-8.0
1338,22.0,19.0,-7.0
1339,23.0,23.5,17.5
1340,24.0,23.5,-7.5
1341,24.5,24.0,-5.5
1342,24.5,24.0,-10.5
1343,24.0,24.5,-7.5
1344,22.5,23.5,-8.5
1345,24.0,2.0,15.0
1346,24.5,-1.5,-15.0
1347,23.5,24.5,-6.0
1348,-8.0,21.0,-11.0
1349,23.5,-1.5,-12.5
1350,23.5,23.0,-6.0
1351,23.5,24.0,-9.0
1352,-2.5,22.0,-3.0
1353,22.5,24.0,-9.5
1354,24.0,24.5,15.5
1355,-3.0,21.5,-5.5
1356,24.0,23.0,-2.0
1357,23.5,24.5,-23.0
1358,23.0,23.5,24.0
1359,23.5,22.0,-11.5
1360,24.5,23.0,20.5
1361,21.5,24.5,-1.5
1362,24.5,0.0,-7.0
1363,-4.0,24.5,-4.5
1364,-4.0,21.5,-4.5
1365,24.5,23.5,-7.5
1366,23.5,21.0,-6.5
1367,24.5,-4.0,-2.0
1368,23.0,2.5,14.0
1369,-7.0,-2.5,-6.5
1370,2.0,24.5,-9.0
1371,22.0,2.5,-10.5
1372,23.5,21.0,-6.0
1373,23.5,23.0,-10.0
1374,24.5,24.5,0.0
1375,24.0,23.0,17.5
1376,24.5,24.0,-7.5
1377,24.5,23.5,-4.5
1378,24.5,23.5,-1.0
1379,24.5,21.5,-2.0
1380,-5.0,24.0,-7.5
1381,23.5,22.0,-5.5
1382,24.5,20.0,-13.0
1383,24.5,21.5,20.0
1384,24.5,20.5,-10.5
1385,-3.0,-16.0,-6.0
1386,23.5,21.5,-5.0
1387,23.5,17.5,-7.5
1388,23.0,24.0,11.0
1389,23.5,23.5,-3.5
1390,24.5,-2.0,-1.5
1391,24.5,17.5,12.5
1392,24.0,23.5,-5.0
1393,24.5,-4.5,-5.5
1394,24.5,24.0,-12.0
1395,22.5,22.5,-2.0
1396,23.5,23.5,-5.0
1397,24.5,24.5,-3.5
1398,23.5,23.5,6.5
1399,24.5,-2.0,-5.0
1400,23.5,23.5,-5.5
1401,23.0,22.5,-10.0
1402,24.0,22.5,-5.5
1403,22.5,2.5,-6.0
1404,24.5,12.5,-4.5
1405,24.5,24.5,-5.0
1406,-0.5,0.0,-4.5
1407,24.0,1.5,-3.5
1408,23.5,21.5,-6.5
1409,-3.5,22.0,17.0
1410,22.5,23.0,-12.0
1411,24.5,23.5,-3.5
1412,24.0,23.5,-5.5
1413,24.5,21.5,-13.0
1414,23.0,24.0,-5.0
1415,23.5,23.5,-4.5
1416,24.5,20.5,-7.0
1417,24.5,21.5,-21.0
1418,22.0,-0.5,-5.0
1419,24.5,24.5,12.5
1420,24.5,24.0,21.5
1421,24.5,24.0,-6.5
1422,24.5,24.5,-7.5
1423,-2.5,-2.5,21.0
1424,23.5,22.0,22.5
1425,18.5,23.0,-8.0
1426,24.5,24.0,-5.5
1427,22.5,22.5,-5.0
1428,24.5,1.5,10.5
1429,-12.0,22.0,-6.0
1430,24.5,-2.5,12.0
1431,22.5,23.5,-3.0
1432,24.5,0.5,-6.0
1433,24.5,23.0,-0.5
1434,24.0,24.0,-7.0
1435,23.0,24.0,-6.5
1436,24.5,0.0,-6.5
1437,24.0,22.0,7.5
1438,24.0,21.5,-8.0
1439,24.5,23.5,-6.5
1440,23.5,24.5,16.0
1441,24.0,23.5,-2.0
1442,24.5,22.0,-7.0
1443,23.0,22.5,-3.5
1444,24.5,22.5,-9.0
1445,24.5,22.0,-5.0
1446,23.5,24.0,-4.5
1447,23.5,19.0,-8.5
1448,23.0,23.0,-2.0
1449,23.5,24.0,-5.5
1450,23.5,24.5,-8.5
1451,-4.0,-2.0,-12.0
1452,24.5,-2.5,-2.5
1453,-4.0,-3.0,-7.0
1454,24.5,24.5,-6.0
1455,23.5,24.0,-6.5
1456,-2.0,20.0,-7.0
1457,24.0,-2.0,-1.0
1458,3.0,-2.5,-5.0
1459,24.5,1.5,-7.5
1460,23.0,19.5,-7.5
1461,24.5,-8.5,9.5
1462,23.5,24.5,-3.0
1463,24.5,-2.0,-7.0
1464,24.5,23.5,-4.0
1465,2.0,22.5,-10.0
1466,23.5,-1.0,-9.5
1467,24.0,22.5,-9.5
1468,24.0,20.5,6.0
1469,24.5,23.0,-7.5
1470,-4.0,1.0,17.0
1471,23.5,22.5,-7.5
1472,21.5,24.5,-5.5
1473,24.0,23.0,-10.5
1474,22.5,22.5,-4.5
1475,0.0,-5.5,-7.5
1476,24.5,19.0,-12.5
1477,23.5,22.5,-6.0
1478,23.5,23.5,-4.5
1479,23.5,20.5,-9.5
1480,24.5,23.5,19.0
1481,-2.0,-1.0,-9.0
1482,23.5,2.5,-8.5
1483,24.5,-2.5,1.5
1484,21.0,-3.5,-9.5
1485,21.5,0.5,-11.0
1486,23.0,2.5,-7.5
1487,24.0,-3.0,-6.5
1488,24.5,23.0,-0.5
1489,24.5,23.5,-6.0
1490,24.0,20.0,19.0
1491,24.5,1.0,-16.5
1492,23.0,24.0,-7.5
1493,24.0,23.0,-6.5
1494,24.5,-1.5,0.5
1495,24.5,24.5,-6.0
1496,24.0,24.0,-10.0
1497,20.0,1.5,-4.5
1498,16.5,22.5,17.5
1499,23.5,21.5,20.0
1500,24.5,20.5,-18.5
1501,24.5,15.5,-7.0
1502,-3.0,23.0,-9.5
1503,24.5,21.0,-7.5
1504,24.0,23.0,-7.0
1505,-4.0,2.0,-6.5
1506,24.5,24.5,-3.5
1507,23.0,2.5,-8.0
1508,23.5,23.0,11.5
1509,24.0,-3.0,18.5
1510,24.5,1.5,17.0
1511,25.0,22.5,-4.5
1512,24.5,23.5,-5.5
1513,24.5,23.5,13.0
1514,24.5,-4.0,-6.5
1515,23.5,23.5,-5.5
1516,24.0,24.0,-8.5
1517,24.5,24.0,6.0
1518,24.5,22.5,-6.0
1519,22.5,22.5,-6.5
1520,24.0,22.0,-2.5
1521,23.5,22.5,17.5
1522,21.0,22.0,16.0
1523,23.5,22.5,-9.5
1524,24.5,2.0,-4.5
1525,22.0,23.5,-15.5
1526,23.0,23.5,-6.0
1527,24.5,-2.5,-4.5
1528,23.0,24.5,-13.0
1529,24.0,24.0,21.5
1530,24.5,-2.0,-8.5
1531,24.5,21.5,-4.0
1532,23.5,19.5,-5.0
1533,24.5,23.5,-6.0
1534,23.5,23.5,-6.0
1535,24.5,22.5,-10.5
1536,24.0,23.5,-3.0
1537,21.5,-2.0,-1.5
1538,24.5,24.0,-1.5
1539,24.5,-2.0,-6.5
1540,1.0,24.5,13.0
1541,24.5,24.5,-1.0
1542,23.0,24.5,-1.0
1543,24.0,24.5,-5.5
1544,22.5,-0.5,-4.0
1545,24.5,-1.5,-8.5
1546,24.0,-3.5,-7.0
1547,22.0,24.0,-8.5
1548,23.5,22.5,-5.0
1549,23.5,21.5,-5.0
1550,-5.5,0.5,-5.0
1551,24.0,22.0,-2.5
1552,24.5,21.0,-3.0
1553,24.5,23.5,-6.0
1554,23.0,24.5,19.5
1555,23.5,24.0,0.5
1556,23.5,-6.5,13.5
1557,1.0,22.5,-6.5
1558,24.0,24.0,-4.5
1559,23.5,-1.0,-8.0
1560,24.0,-4.5,-6.0
1561,24.5,23.5,11.0
1562,24.5,21.5,-9.0
1563,22.0,18.0,-14.5
1564,24.5,24.5,-3.5
1565,-4.0,24.5,-6.5
1566,0.5,24.5,-3.0
1567,-6.0,22.0,-5.0
1568,-5.5,23.0,-20.0
1569,25.0,24.5,0.5
1570,-1.0,0.5,-4.5
1571,24.5,-1.0,-6.0
1572,24.5,19.0,-4.5
1573,-6.5,0.5,-5.0
1574,23.5,22.5,-2.0
1575,25.0,21.5,-10.5
1576,25.0,-3.0,-5.0
1577,24.5,2.5,17.5
1578,24.5,24.5,20.0
1579,25.0,23.0,-7.5
1580,-4.0,21.0,-8.0
1581,1.0,24.5,-13.5
1582,25.0,21.0,-5.5
1583,24.0,0.5,-4.5
1584,-3.5,23.5,-5.0
1585,25.0,23.0,-8.0
1586,24.5,24.5,-5.0
1587,25.0,24.0,-4.5
1588,24.0,23.5,-7.5
1589,22.5,20.5,11.0
1590,-5.0,24.5,-6.5
1591,24.0,13.5,-7.0
1592,24.0,-5.0,-9.5
1593,24.5,23.0,19.5
1594,23.5,23.5,16.5
1595,-10.5,21.0,-6.5
1596,25.0,24.5,-5.5
1597,20.0,-0.5,-5.0
1598,25.0,24.5,-8.5
1599,19.5,-2.0,18.0
1600,23.0,-4.0,-7.5
1601,1.0,24.5,-2.5
1602,25.0,-6.0,-8.0
1603,25.0,24.0,-8.0
1604,25.0,-4.5,-3.5
1605,24.5,23.5,-9.0
1606,16.0,23.0,-8.0
1607,24.5,-1.5,-2.5
1608,25.0,21.5,-7.0
1609,24.0,24.0,-4.5
1610,24.0,1.5,-8.0
1611,25.0,23.5,-4.5
1612,-6.0,23.5,-1.0
1613,25.0,24.0,-2.0
1614,23.0,22.5,-11.5
1615,23.5,-4.0,-5.0
1616,2.5,23.5,16.5
1617,24.0,24.0,-7.5
1618,-0.5,22.0,5.5
1619,21.0,-13.0,-5.5
1620,24.5,21.5,-7.0
1621,24.5,23.5,-4.5
1622,-6.0,23.5,19.5
1623,25.0,22.5,-14.5
1624,24.5,22.5,-5.0
1625,25.0,24.0,-5.0
1626,25.0,23.5,-13.0
1627,25.0,20.5,-7.5
1628,23.0,22.5,-7.5
1629,24.0,23.0,10.5
1630,24.5,24.5,-4.5
1631,23.0,23.5,-13.5
1632,24.5,0.0,-12.0
1633,25.0,-4.0,16.0
1634,25.0,22.5,-7.5
1635,24.0,24.0,-7.0
1636,25.0,24.5,-8.5
1637,23.5,24.0,-5.5
1638,23.5,24.0,-7.0
1639,24.0,0.0,-6.0
1640,1.0,-3.0,-7.0
1641,22.0,23.5,-2.5
1642,25.0,21.5,-9.5
1643,23.0,23.0,-6.0
1644,24.5,24.5,16.5
1645,-3.0,23.0,-8.5
1646,20.0,23.5,-5.5
1647,24.0,-1.5,-5.5
1648,24.5,24.0,-6.5
1649,24.0,23.5,13.5
1650,24.5,24.0,14.5
1651,24.5,23.0,-7.5
1652,25.0,-2.0,-4.5
1653,-5.0,-1.0,-13.5
1654,22.0,23.0,-3.5
1655,25.0,24.0,-7.0
1656,25.0,21.5,13.5
1657,3.0,24.0,-5.0
1658,25.0,22.0,-5.5
1659,5.5,22.5,-6.0
1660,23.5,19.5,-6.5
1661,25.0,22.0,-5.0
1662,23.5,22.5,-5.5
1663,24.5,23.0,-2.5
1664,25.0,0.5,7.5
1665,25.0,24.5,-9.5
1666,25.0,-4.0,-8.0
1667,25.0,24.0,-6.5
1668,24.0,-5.0,-7.0
1669,-5.5,23.5,11.0
1670,25.0,21.5,-5.5
1671,-4.0,2.0,-15.5
1672,22.5,24.0,-6.0
1673,25.0,1.5,-9.0
1674,24.5,23.0,-9.0
1675,24.5,24.0,-15.5
1676,-2.0,24.5,-6.5
1677,21.5,-5.0,-8.5
1678,25.0,2.5,4.5
1679,21.5,-4.5,16.0
1680,-4.0,23.0,-6.5
1681,24.0,22.5,-9.0
1682,24.0,24.5,16.5
1683,25.0,24.0,23.5
1684,24.5,-6.0,17.0
1685,24.5,-5.0,-4.5
1686,24.5,-1.5,-13.5
1687,24.5,-3.0,-4.5
1688,24.0,0.0,-5.5
1689,25.0,23.0,-6.0
1690,-1.0,21.0,19.0
1691,24.5,-3.0,-1.0
1692,25.0,24.0,-5.0
1693,24.5,24.0,-16.5
1694,24.0,23.0,19.5
1695,25.0,23.5,-7.0
1696,25.0,-2.5,-10.5
1697,25.0,24.5,-8.0
1698,24.5,24.0,-6.0
1699,24.0,23.5,-5.5
1700,23.5,22.0,-2.5
1701,23.0,24.0,18.5
1702,25.0,-2.5,-12.5
1703,24.5,21.0,20.0
1704,25.0,22.0,7.0
1705,3.0,24.5,-6.5
1706,24.5,23.5,-22.0
1707,25.0,2.5,-7.5
1708,24.0,21.0,-3.0
1709,-1.0,-4.0,-7.0
1710,23.5,21.5,-2.0
1711,24.5,23.0,6.0
1712,25.0,-1.5,16.0
1713,24.0,24.5,-7.5
1714,25.0,21.0,-5.0
1715,24.5,18.5,21.5
1716,23.5,22.5,-6.0
1717,25.0,22.5,-13.5
1718,25.0,23.0,-11.5
1719,24.0,23.0,-2.5
1720,22.0,22.5,18.5
1721,0.5,23.5,-1.5
1722,17.5,24.5,-3.5
1723,25.0,-1.5,6.5
1724,24.5,-2.5,-4.0
1725,23.5,23.5,-5.0
1726,1.0,19.0,-3.5
1727,25.0,-3.0,-5.5
1728,24.5,24.5,-4.5
1729,25.0,22.5,-6.0
1730,25.0,24.0,-5.0
1731,24.0,23.5,-5.5
1732,24.0,22.0,-5.5
1733,24.5,21.5,-4.0
1734,-1.0,23.0,-5.5
1735,25.0,22.0,-7.0
1736,25.0,22.5,-4.5
1737,25.0,21.0,-3.0
1738,24.0,-0.5,11.5
1739,16.0,22.5,-6.0
1740,23.5,0.0,-9.5
1741,-2.0,21.0,-1.0
1742,23.0,24.5,-5.5
1743,22.5,-4.5,-4.5
1744,22.0,1.5,-6.0
1745,25.0,2.0,-7.5
1746,25.0,24.0,-0.5
1747,24.0,2.0,-9.0
1748,13.5,18.0,-8.5
1749,17.5,-2.0,-2.5
1750,25.0,24.5,-6.5
1751,-5.0,24.0,-8.0
1752,25.0,0.5,-5.5
1753,24.5,23.0,-5.0
1754,24.5,24.0,-15.0
1755,24.0,14.0,-2.0
1756,-3.0,21.5,-5.5
1757,23.0,23.5,0.0
1758,-17.0,24.5,-4.0
1759,25.0,-6.0,-7.5
1760,25.0,20.0,-4.5
1761,22.0,20.0,-8.0
1762,25.0,23.0,-7.0
1763,22.5,-1.0,-2.5
1764,25.0,0.0,-4.0
1765,23.5,24.5,7.5
1766,24.5,24.0,-5.5
1767,25.0,-3.0,-11.5
1768,24.5,-2.5,22.0
1769,25.0,20.5,-2.0
1770,-5.0,23.0,-15.0
1771,23.0,24.0,-9.0
1772,22.5,-2.5,-6.0
1773,22.5,23.5,21.0
1774,25.0,-1.5,21.5
1775,25.0,0.5,-5.5
1776,-5.0,22.5,-7.0
1777,23.0,2.5,-5.0
1778,25.0,24.5,16.0
1779,23.0,24.5,-6.0
1780,2.0,-5.5,-7.0
1781,-1.0,-2.5,18.5
1782,23.0,23.5,10.5
1783,1.5,24.0,-6.0
1784,24.0,23.5,17.0
1785,24.0,2.0,-13.5
1786,25.0,-2.0,17.5
1787,2.0,23.5,-5.5
1788,24.5,21.5,0.0
1789,24.5,24.5,-7.0
1790,24.0,23.0,-5.0
1791,24.0,23.0,-5.0
1792,24.5,1.5,13.5
1793,24.0,-3.5,5.5
1794,24.0,24.0,-4.5
1795,23.5,22.5,4.0
1796,24.0,23.5,21.0
1797,23.0,-1.0,-5.5
1798,24.0,21.5,-8.0
1799,24.0,20.5,-6.5
1800,25.0,24.5,-4.0
1801,17.5,22.5,12.0
1802,25.0,22.5,-8.0
1803,25.0,1.0,-4.5
1804,23.5,23.0,20.0
1805,25.0,1.0,18.5
1806,24.0,-3.5,-4.0
1807,24.0,20.0,-1.0
1808,24.0,-3.0,-6.5
1809,25.0,23.5,-5.5
1810,24.0,23.5,-6.0
1811,25.0,22.0,3.0
1812,24.5,-3.5,-4.5
1813,24.5,23.5,-1.5
1814,24.0,1.5,-18.0
1815,23.5,21.5,-5.0
1816,25.0,24.5,-10.0
1817,22.0,-3.0,-32.0
1818,25.0,22.5,16.0
1819,24.5,24.0,18.5
1820,23.5,23.0,-10.5
1821,23.5,21.5,-19.5
1822,24.5,23.0,-8.0
1823,-1.5,21.0,-7.5
1824,-6.0,21.5,-1.5
1825,24.0,23.5,-18.0
1826,23.0,20.0,-3.5
1827,25.0,23.5,-8.5
1828,25.0,22.5,-6.0
1829,1.0,24.0,-12.5
1830,1.0,22.5,-8.0
1831,24.5,22.0,-4.5
1832,24.0,23.5,13.5
1833,24.5,1.5,-1.0
1834,1.0,-3.0,20.5
1835,24.0,23.5,-3.0
1836,24.0,23.5,-7.0
1837,-0.5,24.0,-5.5
1838,25.0,24.5,-4.0
1839,3.0,-3.0,-5.5
1840,25.0,21.5,-5.5
1841,17.5,22.5,-6.0
1842,-5.0,-3.5,-8.5
1843,-1.5,24.5,-12.0
1844,22.5,-3.0,-9.0
1845,17.5,24.5,8.0
1846,24.0,17.5,-3.5
1847,25.0,23.5,-6.0
1848,25.0,22.5,-3.0
1849,23.5,23.0,-3.0
1850,22.5,23.5,-4.5
1851,25.0,2.0,-5.5
1852,25.0,-4.0,-7.0
1853,24.0,22.5,-5.0
1854,24.0,22.5,-5.0
1855,-7.0,22.5,-6.0
1856,24.0,23.0,-3.0
1857,23.0,24.5,-5.5
1858,25.0,20.5,-9.5
1859,24.5,22.5,-13.0
1860,25.0,23.0,-5.5
1861,3.0,24.5,18.0
1862,25.0,24.5,-7.0
1863,25.0,23.0,-11.5
1864,24.5,1.5,-6.5
1865,24.5,21.5,-11.5
1866,25.0,22.5,-6.0
1867,24.0,24.0,-3.0
1868,25.0,21.5,-12.0
1869,23.0,19.0,-9.5
1870,23.0,22.0,-2.0
1871,23.0,-6.5,-4.5
1872,24.0,-2.5,-10.0
1873,20.0,24.5,-6.5
1874,24.5,23.0,-6.5
1875,25.0,23.0,-7.0
1876,25.0,16.5,-8.0
1877,-1.0,-1.5,-5.0
1878,24.5,1.0,-7.0
1879,24.0,0.5,22.0
1880,25.0,23.5,-7.0
1881,24.0,23.5,-6.5
1882,24.5,22.5,-3.0
1883,24.0,24.0,-5.5
1884,25.0,24.5,-4.5
1885,-1.0,23.0,-5.5
1886,24.0,20.0,-2.0
1887,24.0,22.0,-5.5
1888,24.5,23.0,-7.0
1889,19.5,23.0,10.5
1890,25.0,24.5,-6.0
1891,25.0,23.0,-6.0
1892,25.0,-3.5,-1.5
1893,24.0,-0.5,-10.5
1894,25.0,22.5,-4.5
1895,23.5,22.5,20.0
1896,25.0,-4.0,-7.0
1897,25.0,-2.0,-1.0
1898,25.0,-0.5,-5.0
1899,24.5,24.5,-4.5
1900,25.0,22.5,19.0
1901,25.0,22.5,-8.5
1902,25.0,-4.0,16.5
1903,25.0,23.5,-6.5
1904,25.0,-2.5,20.0
1905,20.5,15.5,-1.5
1906,25.0,23.0,-6.0
1907,25.0,-4.5,-3.0
1908,2.0,23.0,-7.0
1909,25.0,23.5,12.5
1910,22.5,15.5,-4.5
1911,24.5,19.0,-2.0
1912,25.0,21.0,-6.0
1913,25.0,9.5,-6.0
1914,25.0,24.5,-3.0
1915,-2.0,23.0,13.5
1916,25.0,22.5,-16.5
1917,24.0,22.5,-2.0
1918,23.0,24.5,-5.5
1919,24.0,22.0,-8.0
1920,23.0,20.0,-3.0
1921,25.0,23.5,-4.0
1922,23.0,-2.0,-4.5
1923,19.0,23.5,-6.0
1924,-3.5,-3.0,-3.5
1925,25.0,22.0,18.0
1926,25.0,22.0,-3.0
1927,24.0,23.5,18.0
1928,25.0,23.5,-3.0
1929,25.0,23.5,22.5
1930,25.0,22.0,-4.0
1931,25.0,23.0,-3.0
1932,24.0,1.0,-15.0
1933,24.5,19.5,-7.5
1934,25.0,19.5,-6.5
1935,24.5,22.5,-5.0
1936,24.5,24.5,-7.5
1937,24.5,-2.5,-13.5
1938,24.0,24.5,-24.5
1939,21.5,24.0,-5.5
1940,25.0,23.5,-11.0
1941,25.0,23.5,-6.0
1942,23.5,20.5,-10.5
1943,25.0,21.5,-6.0
1944,25.0,22.5,-6.0
1945,20.5,-3.0,-18.5
1946,24.0,21.5,12.5
1947,21.5,-2.5,-7.5
1948,23.5,23.5,13.0
1949,25.0,20.5,-8.0
1950,24.0,21.0,-7.0
1951,24.5,23.0,-5.5
1952,24.0,24.5,-4.0
1953,2.0,23.5,-4.5
1954,24.0,22.0,12.0
1955,24.5,-2.5,-23.5
1956,24.5,24.5,-12.5
1957,23.5,-0.5,13.0
1958,24.0,0.0,-5.5
1959,25.0,-3.0,-4.5
1960,23.0,23.0,23.0
1961,24.0,23.0,15.5
1962,-6.5,20.5,-7.5
1963,23.0,-13.0,-6.5
1964,21.0,24.5,-1.5
1965,24.5,21.5,-6.5
1966,3.0,-2.5,1.0
1967,25.0,23.5,-11.5
1968,2.0,21.5,-5.5
1969,25.0,24.5,-1.0
1970,25.0,-5.0,-4.0
1971,25.0,-6.0,-29.5
1972,25.0,24.0,-6.5
1973,0.0,24.5,-9.0
1974,25.0,4.0,-2.5
1975,2.5,24.5,-8.5
1976,-0.5,24.0,20.0
1977,-1.0,-3.0,-7.0
1978,-2.5,22.5,-7.5
1979,23.5,24.5,17.0
1980,23.5,23.5,-6.0
1981,23.5,-3.0,-16.0
1982,-1.5,0.0,-7.5
1983,-1.0,19.0,-3.5
1984,24.0,22.5,-6.0
1985,24.0,-1.5,-13.0
1986,24.0,-2.0,-3.5
1987,25.0,22.0,-2.0
1988,24.5,-3.0,-4.0
1989,24.0,24.0,6.0
1990,24.0,23.0,-6.5
1991,21.5,-2.0,-6.0
1992,18.0,23.0,-9.5
1993,25.0,22.5,11.0
1994,25.0,24.5,14.0
1995,25.0,19.0,17.0
1996,25.0,19.5,-5.5
1997,25.0,23.0,-5.5
1998,24.5,24.0,17.0
1999,24.5,24.0,15.5
2000,25.0,4.0,-8.5
2001,24.0,23.5,-5.0
2002,24.0,20.5,-7.5
2003,24.0,24.5,-5.0
2004,24.0,23.0,-1.5
2005,25.0,22.5,21.5
2006,21.5,24.5,-5.5
2007,-1.0,22.5,8.5
2008,24.0,24.0,-5.0
2009,24.0,21.5,17.0
2010,25.0,0.5,3.5
2011,25.0,24.0,19.5
2012,24.0,22.5,-20.0
2013,25.0,24.5,0.5
2014,24.0,23.5,-1.0
2015,22.5,-2.5,-6.5
2016,25.0,23.5,-6.5
2017,25.0,-2.5,-12.5
2018,-5.0,23.0,0.0
2019,24.0,23.0,-6.5
2020,24.5,17.0,18.5
2021,25.0,21.5,-6.5
2022,25.0,-2.5,-18.5
2023,19.0,-3.0,-12.5
2024,23.0,22.0,-3.0
2025,-3.0,24.0,-5.0
2026,25.0,22.5,-5.0
2027,-6.0,22.0,-8.0
2028,23.0,-3.5,-8.0
2029,24.0,-1.5,-3.0
2030,25.0,22.5,18.0
2031,24.5,23.5,-4.5
2032,24.0,24.5,-3.0
2033,25.0,24.5,-6.0
2034,21.0,-7.0,-2.5
2035,21.5,22.0,17.5
2036,24.0,-3.0,-9.0
2037,24.5,24.5,-5.5
2038,24.0,0.5,-5.0
2039,24.5,24.5,-10.5
2040,25.0,-2.5,-4.0
2041,24.5,24.0,-6.0
2042,23.5,22.0,-13.0
2043,24.0,23.0,-3.0
2044,23.0,-4.0,-7.0
2045,17.0,21.5,-5.5
2046,25.0,22.0,-5.5
2047,24.0,22.0,-3.0
2048,25.0,0.5,-5.0
2049,25.0,24.5,-3.5
2050,24.5,23.0,-6.0
2051,23.5,1.0,-1.5
2052,25.0,22.5,-6.0
2053,24.0,22.0,-8.5
2054,25.0,23.5,-4.5
2055,24.0,24.0,18.5
2056,24.5,22.5,-8.5
2057,23.5,22.5,-7.0
2058,24.5,23.5,-1.5
2059,24.0,22.5,-6.5
2060,3.0,-3.0,-14.0
2061,-5.0,24.0,-8.5
2062,22.5,1.0,14.5
2063,25.0,22.0,-3.5
2064,24.0,-11.0,-17.0
2065,25.0,22.5,-4.5
2066,25.0,-2.0,-12.0
2067,24.5,22.5,-3.0
2068,25.0,21.0,-2.0
2069,24.0,22.5,-8.5
2070,24.5,22.0,15.0
2071,24.0,24.0,17.5
2072,25.0,22.0,16.0
2073,25.0,1.0,10.0
2074,24.0,22.5,-4.5
2075,24.5,-1.5,-5.0
2076,24.5,24.0,9.0
2077,25.0,23.0,-3.5
2078,22.5,24.5,-7.5
2079,23.5,23.0,10.0
2080,25.0,24.5,-11.0
2081,25.0,23.0,-5.5
2082,23.0,21.0,19.0
2083,24.5,22.0,-3.5
2084,23.0,20.5,-4.0
2085,25.0,-2.5,-4.0
2086,24.0,22.0,-7.0
2087,25.0,-4.0,-4.5
2088,23.5,22.0,-6.0
2089,-1.0,21.0,12.5
2090,23.0,23.0,-5.5
2091,24.5,-7.5,-6.0
2092,24.5,20.5,-5.0
2093,23.5,23.5,-2.0
2094,24.0,21.0,-9.0
2095,25.0,23.5,10.5
2096,24.5,21.0,-7.0
2097,22.0,21.5,-10.0
2098,20.5,23.5,-5.0
2099,25.0,24.5,-6.5
2100,24.5,22.5,21.0
2101,23.0,15.5,-6.0
2102,22.0,22.5,-7.0
2103,23.5,24.5,-3.0
2104,2.5,19.0,-7.5
2105,25.0,24.5,-8.0
2106,25.0,-2.0,-5.0
2107,25.0,-2.5,-6.0
2108,25.0,-4.0,-4.0
2109,25.0,20.5,-9.5
2110,24.5,23.5,19.5
2111,24.5,24.0,20.5
2112,24.0,24.0,-7.0
2113,23.5,24.0,-6.5
2114,25.0,-2.5,-4.0
2115,25.0,21.0,-8.0
2116,25.0,21.5,21.5
2117,23.5,22.0,-4.5
2118,22.0,24.0,-5.5
2119,24.0,24.0,-6.5
2120,23.0,24.0,-6.0
2121,25.0,-9.5,-5.0
2122,23.0,23.5,21.5
2123,-5.0,24.0,-10.5
2124,24.5,1.5,-9.0
2125,24.5,-1.0,-4.5
2126,22.0,24.5,13.5
2127,24.0,24.0,-0.5
2128,19.0,21.0,-10.0
2129,3.0,24.5,-4.5
2130,25.0,21.0,-6.0
2131,24.0,1.0,-4.0
2132,23.5,-6.0,12.0
2133,25.0,-0.5,-6.5
2134,23.5,24.0,-3.0
2135,24.0,2.0,16.0
2136,25.0,-2.0,-6.0
2137,25.0,-2.5,-1.0
2138,23.5,24.5,-13.0
2139,24.5,22.5,-11.5
2140,24.0,24.5,-5.0
2141,24.5,18.5,-6.5
2142,24.0,0.5,-3.5
2143,23.5,-2.0,0.0
2144,25.0,22.0,-3.5
2145,25.0,22.5,-7.0
2146,25.0,23.5,-9.5
2147,23.5,24.5,-7.0
2148,23.5,24.0,-5.0
2149,24.0,23.5,-4.0
2150,25.0,22.5,-4.5
2151,24.5,-1.0,-4.5
2152,25.0,23.5,-7.0
2153,24.0,24.5,16.5
2154,24.5,23.0,-5.0
2155,25.0,0.5,-5.5
2156,22.0,-2.0,-5.5
2157,25.0,24.5,-2.5
2158,25.0,-4.5,-5.0
2159,-4.5,24.0,-7.5
2160,24.0,22.5,-6.5
2161,24.5,23.0,10.5
2162,25.0,15.0,-3.0
2163,24.0,22.5,12.0
2164,25.0,23.0,11.0
2165,24.0,22.0,-7.5
2166,23.5,-0.5,-12.0
2167,23.5,23.5,-6.0
2168,24.0,24.0,-3.5
2169,25.0,20.5,-10.0
2170,25.0,23.0,-2.5
2171,25.0,22.5,15.0
2172,-5.0,23.5,-6.0
2173,25.0,22.5,-18.5
2174,24.0,23.0,22.5
2175,23.0,23.5,-8.0
2176,25.0,-1.5,10.0
2177,25.0,23.0,-5.0
2178,23.0,24.0,-6.0
2179,-5.0,-3.0,-6.0
2180,24.0,23.0,-3.5
2181,20.5,23.5,-10.0
2182,24.5,-2.0,-3.5
2183,24.5,21.5,-5.5
2184,24.0,23.0,-6.5
2185,25.0,24.5,3.5
2186,23.5,23.5,-3.5
2187,24.5,20.5,-10.5
2188,23.5,23.5,-6.5
2189,22.5,24.5,-5.0
2190,25.0,22.5,-8.0
2191,-5.0,-1.5,15.5
2192,19.5,20.0,-5.5
2193,24.0,22.5,-7.0
2194,25.0,20.5,-9.5
2195,24.0,22.0,-7.0
2196,1.0,-2.0,-7.0
2197,25.0,-4.5,19.0
2198,25.0,22.5,-3.0
2199,1.0,23.0,-7.5
2200,22.5,21.0,-7.5
2201,24.0,23.5,-7.5
2202,24.5,24.5,-6.0
2203,24.0,23.5,-10.0
2204,25.0,-4.5,-7.0
2205,24.0,-3.0,-5.0
2206,25.0,24.0,-3.5
2207,22.0,0.5,-1.0
2208,24.0,22.0,-17.5
2209,25.0,22.5,-9.5
2210,23.0,24.5,-10.5
2211,25.0,21.5,-7.5
2212,-1.0,22.5,-7.0
2213,24.0,21.5,-2.0
2214,21.5,0.0,-0.5
2215,24.5,23.0,-12.0
2216,25.0,20.0,-4.5
2217,24.0,-4.0,-12.0
2218,-5.0,-3.5,-6.5
2219,25.0,24.5,-5.0
2220,22.0,24.0,-10.0
2221,24.0,20.0,-7.5
2222,25.0,21.0,-8.0
2223,24.0,22.0,-5.0
2224,23.5,23.5,-9.5
2225,25.0,22.5,-7.0
2226,23.0,2.5,-1.5
2227,25.0,-2.0,-15.5
2228,22.5,22.0,-8.0
2229,24.0,22.5,-6.5
2230,24.5,23.5,16.0
2231,24.5,24.5,-4.5
2232,24.0,22.5,-3.5
2233,24.0,20.5,13.0
2234,24.5,22.5,-9.0
2235,19.0,-2.0,19.0
2236,23.5,-3.0,-7.0
2237,25.0,23.5,-11.5
2238,24.5,22.5,-14.5
2239,25.0,0.0,22.0
2240,0.5,24.0,-4.5
2241,23.5,21.5,-5.5
2242,24.0,0.0,-4.5
2243,24.0,-6.0,-4.5
2244,23.5,-2.0,-7.5
2245,25.0,0.5,18.5
2246,24.5,-5.5,22.0
2247,25.0,23.5,-8.0
2248,24.0,24.5,-7.5
2249,25.0,22.0,-3.0
2250,24.0,23.5,-6.0
2251,24.0,21.0,-6.0
2252,25.0,24.0,-5.0
2253,19.5,2.5,-1.0
2254,24.0,22.0,8.0
2255,24.0,24.5,-6.5
2256,25.0,-2.0,11.5
2257,24.5,-6.0,-3.5
2258,24.0,23.0,12.0
2259,25.0,23.5,-8.5
2260,-5.0,24.5,-13.0
2261,25.0,23.0,-5.0
2262,24.0,24.0,-15.0
2263,25.0,23.0,-5.5
2264,22.5,24.5,-5.0
2265,25.0,1.0,-5.5
2266,24.0,22.5,-6.5
2267,24.5,21.5,0.0
2268,22.5,-3.5,-7.5
2269,23.5,18.5,-6.0
2270,25.0,-6.0,-7.0
2271,24.5,22.5,22.5
2272,24.5,23.0,-2.0
2273,1.0,24.5,-2.0
2274,25.0,24.5,-6.0
2275,25.0,-11.5,-6.5
2276,25.0,-1.5,-4.5
2277,24.0,-3.5,10.0
2278,25.0,24.5,-6.0
2279,24.0,22.5,9.5
2280,-6.5,23.0,22.0
2281,25.0,23.0,13.5
2282,24.0,24.5,-5.0
2283,24.5,23.5,22.5
2284,2.5,21.5,-10.5
2285,-2.0,23.5,-7.0
2286,22.0,24.0,-5.5
2287,25.0,21.0,-6.0
2288,22.0,22.0,-8.0
2289,22.5,22.0,20.5
2290,25.0,23.5,-4.0
2291,24.0,-2.5,19.0
2292,-2.5,1.0,17.5
2293,-5.0,22.0,20.5
2294,24.0,22.0,20.5
2295,23.5,23.5,-7.0
2296,22.0,21.5,0.0
2297,23.0,-5.5,-7.0
2298,24.5,1.5,-13.0
2299,23.5,21.0,-8.5
2300,25.0,-4.5,5.5
2301,25.0,23.5,-7.0
2302,21.0,22.5,-4.5
2303,24.0,24.5,-5.0
2304,24.5,-2.5,-7.0
2305,23.5,22.0,-6.5
2306,22.5,-5.5,-5.5
2307,23.5,24.0,-8.5
2308,23.5,24.5,14.5
2309,23.0,-6.0,-4.5
2310,25.0,23.5,-22.0
2311,23.0,24.0,-3.5
2312,24.5,22.5,-5.0
2313,24.0,-2.5,-13.0
2314,25.0,22.0,12.0
2315,23.0,24.5,-4.5
2316,23.0,-2.0,12.5
2317,23.5,24.5,-6.5
2318,25.0,20.5,17.5
2319,-5.0,0.5,-6.5
2320,25.0,20.5,-5.0
2321,25.0,22.5,20.5
2322,23.0,-4.0,-6.5
2323,24.5,-2.0,19.5
2324,24.5,24.5,18.5
2325,22.0,-1.0,-4.5
2326,25.0,23.5,-2.0
2327,25.0,21.0,-7.0
2328,0.0,-2.5,16.0
2329,23.5,21.0,-3.5
2330,24.0,21.5,-4.0
2331,1.0,-5.0,-4.0
2332,25.0,24.5,-4.0
2333,21.5,-2.0,9.5
2334,24.0,1.5,-7.5
2335,25.0,23.0,-6.5
2336,24.0,21.5,-6.0
2337,25.0,0.5,-1.0
2338,23.0,23.0,0.0
2339,21.5,24.5,24.5
2340,18.5,24.0,-3.0
2341,25.0,-3.0,-5.5
2342,23.5,23.0,-7.0
2343,24.0,21.0,-8.0
2344,24.5,22.5,22.0
2345,25.0,24.5,-9.0
2346,24.5,24.5,-12.5
2347,25.0,23.0,-14.5
2348,22.5,0.0,17.0
2349,24.5,23.0,-3.0
2350,0.0,1.0,-8.0
2351,22.5,24.5,-9.5
2352,22.0,23.0,-6.5
2353,24.5,23.5,12.0
2354,25.0,23.5,-8.5
2355,24.5,21.0,-5.5
2356,25.0,23.5,-6.0
2357,25.0,24.0,-2.0
2358,23.0,24.5,-5.0
2359,25.0,20.5,12.5
2360,21.5,-2.5,19.0
2361,-9.0,24.0,-6.0
2362,24.0,24.5,-8.0
2363,24.0,1.5,9.0
2364,25.0,-1.0,-8.5
2365,24.0,23.5,8.0
2366,25.0,0.5,-5.5
2367,24.5,24.5,-5.0
2368,22.5,23.0,-10.5
2369,24.5,-1.0,-4.5
2370,-1.0,22.5,17.0
2371,25.0,1.0,-11.0
2372,21.0,24.0,-6.5
2373,23.0,23.0,-5.5
2374,24.5,22.0,-8.0
2375,24.5,24.5,-2.5
2376,25.0,24.0,-4.5
2377,25.0,20.5,-6.5
2378,24.0,22.5,9.5
2379,25.0,24.5,-6.0
2380,24.0,23.0,19.0
2381,24.5,21.5,-5.0
2382,22.5,24.5,-4.5
2383,25.0,-0.5,13.5
2384,24.5,22.5,-2.5
2385,24.0,22.0,-6.0
2386,24.0,-7.0,15.0
2387,-4.0,23.5,17.0
2388,25.0,24.5,-6.5
2389,24.5,24.0,20.0
2390,24.0,23.5,-4.0
2391,25.0,-0.5,0.5
2392,23.0,23.5,-10.0
2393,25.0,24.0,-9.0
2394,24.0,24.5,-5.5
2395,24.0,21.0,-2.5
2396,24.0,-3.0,14.0
2397,-4.0,21.5,-6.5
2398,13.5,24.5,-6.5
2399,25.0,23.5,-4.0
2400,25.0,23.5,-4.5
2401,25.0,24.5,-8.5
2402,23.0,24.5,-5.5
2403,24.0,23.0,-6.5
2404,23.5,0.5,-1.5
2405,23.0,23.5,-10.0
2406,25.0,21.5,-7.0
2407,23.0,24.5,19.0
2408,25.0,23.0,-1.5
2409,24.5,-5.0,-5.5
2410,25.0,23.5,-4.5
2411,25.0,22.5,17.5
2412,21.5,24.5,-6.0
2413,-7.0,20.0,-8.0
2414,25.0,24.5,-6.5
2415,24.5,24.0,-3.0
2416,25.0,0.5,-8.0
2417,3.0,21.0,-1.5
2418,25.0,24.5,-12.5
2419,24.0,24.5,-4.0
2420,24.5,22.5,-13.5
2421,23.5,24.5,-5.5
2422,22.0,23.5,-4.0
2423,24.5,24.5,1.0
2424,22.0,24.5,-6.0
2425,25.0,24.5,17.5
2426,22.5,23.0,-2.0
2427,25.0,22.5,20.5
2428,23.0,18.0,-4.0
2429,-5.0,24.5,-3.0
2430,25.0,22.5,-15.5
2431,24.5,22.5,12.0
2432,25.0,22.5,8.5
2433,25.0,23.5,-7.5
2434,-1.0,22.0,-15.0
2435,25.0,-11.5,-12.0
2436,24.0,23.0,-6.0
2437,25.0,21.5,17.0
2438,25.0,23.5,-4.5
2439,23.0,23.5,17.0
2440,24.5,2.5,15.0
2441,24.0,-2.0,-4.5
2442,23.5,23.5,-7.5
2443,24.5,23.0,-7.5
2444,25.0,23.0,12.0
2445,-0.5,-3.0,1.5
2446,25.0,2.0,-7.0
2447,25.0,22.5,-13.0
2448,24.5,2.5,-4.5
2449,24.5,2.0,-13.5
2450,24.0,-6.5,21.0
2451,-6.5,-5.0,-2.5
2452,24.0,23.0,-2.5
2453,23.5,19.5,-6.5
2454,22.0,22.5,-2.5
2455,24.5,-2.0,-2.5
2456,23.5,13.0,14.0
2457,25.0,22.5,-5.0
2458,25.0,-5.0,-8.5
2459,24.5,20.0,-9.5
2460,25.0,22.5,16.5
2461,24.0,23.0,-7.5
2462,23.0,23.5,-6.5
2463,25.0,23.0,23.0
2464,25.0,20.5,-4.0
2465,23.0,23.0,-5.5
2466,23.0,16.0,-5.5
2467,25.0,1.0,-6.5
2468,23.5,22.0,20.0
2469,24.5,0.5,-5.5
2470,24.0,23.0,-8.0
2471,22.5,21.5,-7.0
2472,23.5,24.5,14.0
2473,25.0,17.0,-7.5
2474,25.0,23.5,-2.5
2475,23.5,21.5,-6.5
2476,2.0,-1.5,-8.0
2477,25.0,23.5,21.5
2478,20.5,24.5,21.0
2479,25.0,23.0,15.5
2480,25.0,22.0,-5.0
2481,0.0,24.5,-17.0
2482,-1.0,-1.5,-9.0
2483,25.0,-7.0,-5.0
2484,24.0,20.5,-10.0
2485,25.0,23.5,-6.5
2486,23.5,20.5,-10.0
2487,23.0,1.0,-6.5
2488,25.0,24.0,-5.0
2489,22.0,23.0,5.5
2490,24.0,-2.5,-4.5
2491,24.5,24.0,-6.0
2492,25.0,23.5,-5.5
2493,23.0,24.5,-7.0
2494,24.5,22.5,-10.0
2495,24.0,23.5,-5.5
2496,25.0,24.0,-7.5
2497,25.0,22.0,-8.5
2498,-2.5,-3.5,-0.5
2499,25.0,21.5,20.5
2500,23.5,0.0,-6.5
2501,23.0,22.0,-10.5
2502,25.0,23.5,16.0
2503,23.5,24.0,-8.5
2504,23.5,24.5,-3.0
2505,22.0,-3.5,-5.5
2506,25.0,22.0,12.0
2507,22.0,22.5,-6.0
2508,23.0,2.5,-3.5
2509,-3.0,2.0,-15.0
2510,0.5,23.5,-4.5
2511,25.0,22.0,14.0
2512,23.0,20.5,-5.0
2513,25.0,2.5,-5.0
2514,25.0,23.0,-9.0
2515,25.0,24.0,5.5
2516,23.5,23.0,-7.5
2517,22.5,-1.0,20.5
2518,21.5,24.5,-5.5
2519,25.0,22.5,15.5
2520,-1.0,21.0,-6.5
2521,24.0,1.0,-8.0
2522,25.0,23.5,-7.0
2523,25.0,24.0,-5.5
2524,-5.0,-5.0,-6.0
2525,21.0,23.0,-6.5
2526,-4.0,23.0,-4.5
2527,22.5,21.0,-7.5
2528,-1.5,23.0,19.5
2529,24.0,24.0,-6.0
2530,22.5,22.5,19.0
2531,24.0,0.5,12.5
2532,25.0,23.5,-2.0
2533,24.5,23.0,-9.0
2534,22.0,0.5,-9.5
2535,24.0,22.0,-2.0
2536,24.0,-2.0,12.5
2537,21.5,20.0,15.0
2538,23.5,23.5,21.0
2539,24.0,24.5,-3.0
2540,21.5,20.0,-7.0
2541,24.5,23.5,7.5
2542,24.0,22.5,7.5
2543,25.0,21.0,-6.5
2544,25.0,-2.0,18.0
2545,25.0,22.5,-7.0
2546,3.0,24.0,-3.5
2547,24.5,21.0,-6.0
2548,24.0,22.5,-4.5
2549,24.5,22.0,-6.0
2550,22.5,-1.5,16.0
2551,23.5,24.0,-8.5
2552,24.0,17.0,-8.5
2553,25.0,-1.5,-7.5
2554,24.0,23.0,17.0
2555,23.5,24.0,-8.5
2556,19.5,22.5,-6.0
2557,21.0,22.0,0.5
2558,24.5,-4.5,-1.5
2559,3.0,18.5,-3.5
2560,23.0,23.5,-1.0
2561,25.0,22.0,-8.0
2562,23.5,-1.0,20.5
2563,25.0,19.5,-3.0
2564,23.5,20.5,-16.5
2565,25.0,22.0,-1.0
2566,25.0,-4.5,-7.0
2567,24.5,19.5,-6.5
2568,24.0,22.5,-8.0
2569,25.0,21.5,-2.0
2570,23.5,22.5,-5.5
2571,-3.0,20.0,-3.0
2572,24.0,19.5,22.5
2573,25.0,23.0,-9.5
2574,25.0,22.0,-7.5
2575,23.0,23.5,-5.5
2576,25.0,21.5,-12.0
2577,24.5,21.5,-4.5
2578,24.5,24.0,-1.5
2579,25.0,24.5,14.5
2580,25.0,-6.0,-5.0
2581,24.0,23.5,-6.5
2582,22.0,-5.5,8.5
2583,24.5,22.5,-9.5
2584,-2.0,22.0,-8.5
2585,25.0,0.0,20.5
2586,25.0,21.5,-7.0
2587,-6.5,22.0,-6.5
2588,24.5,24.0,19.0
2589,1.0,17.5,-2.5
2590,25.0,23.5,-9.0
2591,23.0,22.5,-1.0
2592,24.0,-6.0,10.5
2593,25.0,-5.0,-6.0
2594,25.0,24.0,-7.5
2595,24.5,24.5,-16.0
2596,23.5,24.5,-5.5
2597,25.0,-2.0,12.5
2598,23.0,22.0,19.5
2599,24.5,24.5,-2.0
2600,23.0,23.0,-8.0
2601,23.0,22.5,-4.0
2602,24.0,-2.5,-8.0
2603,24.0,20.5,9.0
2604,24.5,23.5,-6.5
2605,23.0,21.0,-6.5
2606,24.0,-2.0,-2.0
2607,25.0,24.0,-6.0
2608,25.0,20.5,-11.0
2609,25.0,1.5,6.5
2610,1.0,22.5,-7.5
2611,25.0,17.5,-5.5
2612,24.0,23.5,-7.5
2613,24.0,23.0,-7.5
2614,24.5,23.5,-1.5
2615,24.0,23.0,18.5
2616,25.0,22.0,-6.0
2617,23.0,21.5,-8.0
2618,21.0,24.0,-7.0
2619,22.5,23.0,-5.0
2620,25.0,24.0,18.5
2621,25.0,24.5,-7.0
2622,24.5,21.0,-18.0
2623,24.5,0.0,-3.0
2624,22.0,-2.5,-6.5
2625,24.0,-1.5,-2.5
2626,25.0,-6.0,-6.0
2627,22.5,19.0,-4.5
2628,23.0,21.0,-7.0
2629,22.0,-3.0,-8.0
2630,25.0,23.5,-4.5
2631,2.5,24.5,-7.0
2632,24.5,13.0,18.0
2633,24.0,22.5,-10.0
2634,25.0,22.5,-4.5
2635,21.0,21.0,-13.0
2636,23.5,0.5,14.0
2637,-2.5,24.5,-5.5
2638,23.0,24.0,-6.0
2639,23.0,24.5,-9.5
2640,25.0,22.0,-6.5
2641,25.0,-1.0,-4.0
2642,25.0,23.5,-5.5
2643,23.5,24.5,-5.5
2644,25.0,-10.0,-5.5
2645,23.5,-4.0,20.5
2646,24.5,23.0,-5.5
2647,24.5,-3.0,-6.0
2648,2.0,0.5,-12.5
2649,23.5,2.5,-5.0
2650,23.5,24.0,-5.0
2651,24.5,-1.5,18.5
2652,25.0,2.5,-24.0
2653,24.5,23.5,-12.0
2654,24.0,1.5,-4.0
2655,24.0,23.5,-4.5
2656,-3.5,23.0,-7.0
2657,24.5,22.0,-4.0
2658,25.0,23.5,-3.5
2659,25.0,24.0,-9.0
2660,25.0,23.5,17.5
2661,24.0,24.0,-5.0
2662,25.0,22.5,-0.5
2663,25.0,21.0,-7.0
2664,22.0,20.5,-3.5
2665,-3.0,23.0,10.5
2666,23.5,23.5,-11.0
2667,23.5,22.0,-4.5
2668,24.0,24.0,-3.0
2669,3.0,-6.0,-4.0
2670,24.0,23.5,8.0
2671,23.0,23.0,-1.5
2672,24.0,21.5,-0.5
2673,23.5,24.5,-5.0
2674,20.0,23.0,-20.0
2675,23.5,24.0,-7.0
2676,24.5,21.0,24.0
2677,22.0,20.5,20.0
2678,-4.5,21.0,15.0
2679,25.0,24.5,-9.5
2680,23.5,23.5,3.0
2681,24.0,-2.0,-6.5
2682,25.0,23.5,-6.5
2683,25.0,23.5,-6.5
2684,23.5,22.0,-6.0
2685,25.0,22.5,3.5
2686,25.0,-1.5,-7.0
2687,0.5,22.5,20.5
2688,24.0,-2.5,-14.0
2689,24.0,22.5,-6.0
2690,24.0,-4.0,-8.0
2691,25.0,22.5,-10.0
2692,22.5,24.0,17.5
2693,25.0,23.0,-5.5
2694,25.0,2.5,15.5
2695,25.0,22.5,-8.0
2696,25.0,21.5,-5.0
2697,25.0,22.5,-12.0
2698,24.0,24.5,-5.5
2699,19.5,21.0,-8.0
2700,25.0,-2.0,18.0
2701,22.0,-1.5,-7.5
2702,24.0,23.5,-2.5
2703,24.5,24.0,-3.5
2704,23.5,21.5,-5.5
2705,25.0,-5.5,-4.5
2706,23.5,22.0,-4.5
2707,23.0,21.0,8.0
2708,23.0,24.0,-5.5
2709,24.0,18.5,-2.0
2710,24.5,24.5,-3.0
2711,24.0,-7.5,-6.5
2712,24.5,22.0,14.0
2713,21.5,18.0,-8.0
2714,24.0,23.0,-3.5
2715,23.5,24.0,16.5
2716,24.0,2.0,-5.5
2717,-4.5,23.5,-4.0
2718,21.5,-1.5,-1.5
2719,25.0,23.0,-3.0
2720,25.0,-1.5,-5.0
2721,-2.0,22.5,-4.0
2722,-3.0,20.5,-7.0
2723,23.0,19.0,13.0
2724,-2.0,23.0,-4.5
2725,24.0,-2.0,21.0
2726,23.5,23.5,-5.5
2727,24.5,23.5,-5.5
2728,25.0,1.5,-7.0
2729,22.0,20.5,-6.0
2730,25.0,24.5,-7.5
2731,24.0,23.0,12.0
2732,24.0,23.5,-7.0
2733,25.0,24.5,-7.5
2734,23.5,22.0,-4.5
2735,25.0,22.5,-4.5
2736,25.0,23.0,-9.5
2737,24.5,24.5,-6.5
2738,-8.5,0.5,-5.0
2739,24.5,24.0,13.5
2740,23.0,21.5,-3.0
2741,25.0,19.0,-12.5
2742,23.0,23.5,-11.0
2743,24.0,23.0,-9.5
2744,-3.5,22.5,16.0
2745,-0.5,23.0,-9.5
2746,24.5,24.0,-15.0
2747,25.0,23.0,-6.5
2748,24.5,23.5,-7.0
2749,25.0,24.0,-7.5
2750,25.0,23.5,-14.0
2751,25.0,22.5,20.5
2752,-5.0,19.5,-7.0
2753,23.5,23.5,18.0
2754,25.0,24.5,-6.5
2755,24.0,24.0,-6.0
2756,24.5,21.5,-9.5
2757,24.5,-0.5,10.0
2758,22.0,23.0,-7.0
2759,25.0,-1.5,-5.5
2760,24.5,21.5,19.0
2761,25.0,20.5,7.5
2762,16.5,23.0,-8.0
2763,25.0,21.5,-5.0
2764,25.0,-4.0,2.0
2765,25.0,23.5,12.0
2766,24.0,22.0,-5.5
2767,25.0,24.5,-6.0
2768,25.0,23.5,-5.5
2769,24.0,-0.5,-4.0
2770,-1.0,0.0,-2.5
2771,23.0,-4.0,-6.0
2772,25.0,22.0,-6.0
2773,24.0,1.0,-7.0
2774,-1.0,20.0,-4.5
2775,24.0,-7.0,-2.5
2776,23.5,23.5,-4.0
2777,23.5,21.0,-5.0
2778,-3.0,22.0,-8.0
2779,25.0,23.5,-5.0
2780,24.0,23.0,-7.0
2781,23.5,24.0,-2.0
2782,24.5,24.5,20.5
2783,24.0,20.5,-5.0
2784,24.5,21.5,-14.0
2785,24.0,23.5,-4.0
2786,24.0,19.5,18.0
2787,24.0,23.5,14.0
2788,24.5,-1.5,-8.0
2789,21.5,22.0,-4.5
2790,24.5,-2.0,-3.5
2791,24.0,19.0,-6.0
2792,25.0,19.0,15.0
2793,23.5,21.0,-5.5
2794,22.5,20.0,-5.0
2795,22.0,22.5,-7.0
2796,-1.0,-3.0,-4.0
2797,24.0,23.0,19.0
2798,25.0,22.5,-7.0
2799,24.5,0.0,-4.5
2800,-2.0,24.0,19.5
2801,-2.0,22.0,-6.5
2802,23.0,20.5,-6.5
2803,24.5,23.0,6.0
2804,25.0,24.0,-4.0
2805,25.0,0.5,16.5
2806,24.0,22.5,-6.0
2807,24.0,24.5,18.5
2808,23.0,24.5,18.5
2809,24.5,-2.5,-5.5
2810,25.0,19.5,21.0
2811,22.0,24.5,-7.5
2812,16.5,22.5,-5.5
2813,24.5,-2.5,-7.0
2814,25.0,-2.0,-5.5
2815,23.5,24.0,10.5
2816,23.0,24.0,-3.0
2817,25.0,-0.5,-9.0
2818,24.0,23.5,-8.0
2819,24.5,24.5,16.0
2820,3.0,21.5,17.5
2821,25.0,22.0,-1.5
2822,-1.0,20.5,-3.0
2823,25.0,24.5,20.5
2824,1.0,2.0,-6.0
2825,25.0,22.5,-8.5
2826,24.0,24.5,-3.0
2827,23.5,21.5,-16.5
2828,23.0,22.5,-4.0
2829,24.5,22.5,-4.0
2830,24.5,24.5,-11.0
2831,23.0,2.5,-6.5
2832,25.0,20.0,-6.0
2833,-2.0,24.5,-9.5
2834,24.5,23.0,-5.5
2835,24.5,23.0,13.0
2836,25.0,24.5,19.5
2837,24.5,-6.0,-3.5
2838,24.0,23.5,-2.5
2839,24.5,24.0,-1.0
2840,25.0,-5.0,-12.0
2841,25.0,23.5,18.0
2842,24.5,1.0,-7.0
2843,25.0,24.5,18.0
2844,24.5,23.5,-3.0
2845,25.0,-3.0,16.5
2846,23.0,24.5,-2.0
2847,24.0,-0.5,-9.0
2848,25.0,-1.5,-7.0
2849,1.5,20.0,-6.5
2850,-2.0,24.0,15.0
2851,23.5,23.5,-1.5
2852,25.0,22.5,-5.0
2853,-1.5,1.0,-4.5
2854,25.0,22.5,-5.5
2855,24.0,-0.5,-6.5
2856,25.0,23.5,-7.0
2857,25.0,24.5,16.0
2858,23.5,20.0,14.0
2859,23.0,23.5,-14.5
2860,21.0,18.5,-4.5
2861,23.5,21.0,-9.5
2862,24.5,-5.5,17.0
2863,24.0,23.5,-19.5
2864,24.0,22.0,0.0
2865,22.0,21.5,-6.0
2866,24.0,23.0,-5.0
2867,24.5,22.5,-3.5
2868,24.0,0.5,-6.5
2869,24.0,23.0,-9.5
2870,24.0,-3.0,-9.0
2871,23.5,21.0,-5.0
2872,23.5,21.5,-2.0
2873,24.5,20.0,0.5
2874,23.0,23.5,-5.5
2875,24.5,23.5,-7.0
2876,24.0,22.0,-5.0
2877,-5.0,23.5,-5.5
2878,25.0,24.5,-4.0
2879,-5.0,2.5,-4.0
2880,24.5,24.0,-10.0
2881,23.0,20.5,21.5
2882,24.5,24.5,-5.0
2883,24.0,-7.0,15.5
2884,24.0,21.5,19.5
2885,25.0,24.5,-9.0
2886,24.0,22.5,-4.5
2887,25.0,20.0,-6.0
2888,25.0,24.5,-3.5
2889,-3.0,23.5,-3.0
2890,24.5,24.5,-5.0
2891,23.0,23.0,-7.0
2892,24.0,23.0,-16.0
2893,24.0,24.5,-8.0
2894,24.5,19.5,10.5
2895,24.5,24.5,-4.0
2896,24.0,22.0,-7.0
2897,22.0,-2.0,18.5
2898,24.5,21.0,-6.5
2899,23.5,23.0,-3.0
2900,24.5,23.5,-5.0
2901,25.0,21.0,15.5
2902,24.5,21.0,-6.5
2903,23.5,23.0,-4.0
2904,23.0,24.0,-7.0
2905,22.5,24.0,-10.5
2906,25.0,22.5,-6.5
2907,25.0,24.5,-3.0
2908,23.5,1.0,-5.5
2909,24.5,22.0,-6.5
2910,25.0,23.0,-6.0
2911,25.0,23.0,-11.0
2912,23.0,-1.0,-6.0
2913,2.0,22.5,-6.5
2914,25.0,23.0,10.5
2915,23.5,21.0,-6.5
2916,-1.0,23.0,18.5
2917,24.5,24.0,-9.5
2918,24.0,23.0,-6.0
2919,24.5,24.0,-3.5
2920,-1.0,-7.5,-6.0
2921,24.5,24.5,5.5
2922,25.0,-2.0,-5.0
2923,25.0,24.0,-8.0
2924,23.5,-1.5,-7.0
2925,-6.0,22.5,-6.5
2926,24.5,-1.5,-8.0
2927,25.0,22.0,-6.0
2928,24.0,24.0,-6.0
2929,25.0,20.0,6.0
2930,2.0,23.0,20.5
2931,-5.0,23.5,18.0
2932,25.0,22.5,-7.0
2933,22.0,24.5,-7.0
2934,24.0,20.5,-12.5
2935,3.0,24.5,-6.5
2936,24.0,24.5,-3.5
2937,24.0,2.0,21.0
2938,23.5,24.0,-6.5
2939,24.0,0.5,-22.5
2940,24.0,-6.5,-6.0
2941,25.0,0.0,-9.5
2942,22.5,2.5,-4.0
2943,25.0,24.0,-6.0
2944,25.0,2.5,-7.0
2945,24.0,23.0,-4.5
2946,24.0,-0.5,14.0
2947,25.0,24.0,-7.0
2948,24.5,-5.0,-5.0
2949,25.0,18.5,-2.0
2950,24.5,22.5,-7.0
2951,25.0,-1.5,-4.5
2952,25.0,24.0,7.0
2953,25.0,20.0,-6.0
2954,24.0,22.5,-5.0
2955,25.0,24.0,-2.5
2956,25.0,22.5,-11.5
2957,25.0,-6.5,-10.0
2958,24.0,23.5,-7.0
2959,-2.0,23.5,-7.5
2960,23.5,23.0,4.0
2961,-7.0,24.5,-12.5
2962,24.5,22.5,-2.5
2963,23.5,2.0,9.0
2964,25.0,23.5,-7.0
2965,23.0,-1.5,-12.5
2966,24.0,24.5,16.0
2967,24.5,23.5,-5.0
2968,24.5,24.0,-7.5
2969,23.0,-0.5,18.5
2970,25.0,23.0,-2.5
2971,24.5,22.5,-3.0
2972,24.0,24.5,-3.5
2973,23.5,24.5,16.5
2974,24.0,22.0,-4.5
2975,0.0,24.5,-4.5
2976,1.0,-4.5,20.5
2977,24.0,23.5,-8.5
2978,25.0,-3.0,-5.5
2979,24.0,22.5,-13.0
2980,24.5,21.5,-1.5
2981,24.0,23.5,-6.5
2982,25.0,24.5,-4.0
2983,25.0,23.0,-11.5
2984,23.0,24.0,17.5
2985,23.0,-4.5,11.5
2986,24.0,23.0,-6.0
2987,24.0,20.5,-13.5
2988,25.0,1.0,-7.0
2989,25.0,21.0,-7.0
2990,23.5,21.5,-8.5
2991,22.5,0.5,-5.0
2992,24.0,23.5,-3.0
2993,23.5,24.5,-3.5
2994,22.0,22.0,-9.0
2995,23.5,23.5,-6.5
2996,25.0,23.0,19.5
2997,23.5,24.5,-6.0
2998,-27.5,20.0,17.5
2999,0.0,22.0,-6.0
3000,25.0,-2.5,16.0
